Symbol  ,Date  ,Expiry  ,Option type  ,Strike Price  ,Open  ,High  ,Low  ,Close  ,LTP  ,Settle Price  ,No. of contracts  ,Turnover * in  ₹ Lakhs,Premium Turnover ** in   ₹ Lakhs,Open Int  ,Change in OI  ,Underlying Value  
TATASTEEL,01-Dec-23,28-Dec-23,CE,100,28.6,28.6,28.6,28.6,28.6,30.5,1,7.07,1.57,66000,-,130
TATASTEEL,01-Dec-23,28-Dec-23,CE,101,-,-,-,28.35,-,29.5,-,-,-,-,-,130
TATASTEEL,01-Dec-23,28-Dec-23,CE,102,-,-,-,27.5,-,28.5,-,-,-,-,-,130
TATASTEEL,01-Dec-23,28-Dec-23,CE,103,-,-,-,26.6,-,27.5,-,-,-,-,-,130
TATASTEEL,01-Dec-23,28-Dec-23,CE,104,-,-,-,25.75,-,26.5,-,-,-,-,-,130
TATASTEEL,01-Dec-23,28-Dec-23,CE,105,-,-,-,22.2,22.2,25.55,-,-,-,11000,-,130
TATASTEEL,01-Dec-23,28-Dec-23,CE,106,-,-,-,24.1,-,24.55,-,-,-,-,-,130
TATASTEEL,01-Dec-23,28-Dec-23,CE,107,-,-,-,23.25,-,23.55,-,-,-,-,-,130
TATASTEEL,01-Dec-23,28-Dec-23,CE,108,-,-,-,22.45,-,22.55,-,-,-,-,-,130
TATASTEEL,01-Dec-23,28-Dec-23,CE,109,-,-,-,21.65,-,21.55,-,-,-,-,-,130
TATASTEEL,01-Dec-23,28-Dec-23,CE,110,18.7,18.7,18.7,18.7,18.7,20.6,3,21.24,3.09,407000,-,130
TATASTEEL,01-Dec-23,28-Dec-23,CE,111,-,-,-,20.1,-,19.6,-,-,-,-,-,130
TATASTEEL,01-Dec-23,28-Dec-23,CE,112,-,-,-,19.35,-,18.65,-,-,-,-,-,130
TATASTEEL,01-Dec-23,28-Dec-23,CE,113,-,-,-,18.6,-,17.65,-,-,-,-,-,130
TATASTEEL,01-Dec-23,28-Dec-23,CE,114,-,-,-,17.85,-,16.7,-,-,-,-,-,130
TATASTEEL,01-Dec-23,28-Dec-23,CE,115,13.95,14.65,13.6,14.45,14.45,15.75,25,177.38,19.25,841500,-,130
TATASTEEL,01-Dec-23,28-Dec-23,CE,116,-,-,-,11.75,11.75,14.8,-,-,-,49500,-,130
TATASTEEL,01-Dec-23,28-Dec-23,CE,117,-,-,-,12,12,13.9,-,-,-,11000,-,130
TATASTEEL,01-Dec-23,28-Dec-23,CE,118,-,-,-,9.25,9.25,13,-,-,-,33000,-,130
TATASTEEL,01-Dec-23,28-Dec-23,CE,119,-,-,-,6.5,6.5,12.1,-,-,-,5500,-,130
TATASTEEL,01-Dec-23,28-Dec-23,CE,120,9.8,11.6,9.35,11.15,11.1,11.15,141,1012.66,82.06,1826000,-5500,130
TATASTEEL,01-Dec-23,28-Dec-23,CE,121,-,-,-,7.75,7.75,10.35,-,-,-,33000,-,130
TATASTEEL,01-Dec-23,28-Dec-23,CE,122,8,9.65,8,9.5,9.5,9.5,15,107.71,7.06,390500,16500,130
TATASTEEL,01-Dec-23,28-Dec-23,CE,123,7.2,8.8,7.2,8.55,8.55,8.55,52,373.93,22.15,374000,-137500,130
TATASTEEL,01-Dec-23,28-Dec-23,CE,124,6.55,8,6.45,7.75,7.75,8,22,158.72,8.68,165000,-11000,130
TATASTEEL,01-Dec-23,28-Dec-23,CE,125,6.05,7.45,5.45,7.05,6.8,7.05,559,4043.5,200.37,2717000,-269500,130
TATASTEEL,01-Dec-23,28-Dec-23,CE,126,5.25,6.65,5.1,6.2,6.15,6.2,131,948.93,41.1,962500,-44000,130
TATASTEEL,01-Dec-23,28-Dec-23,CE,127,4.5,6,4.4,5.55,5.5,5.55,413,3001.77,116.97,1677500,-275000,130
TATASTEEL,01-Dec-23,28-Dec-23,CE,128,4,5.35,3.75,4.9,4.85,4.9,1027,7479.43,249.35,4378000,379500,130
TATASTEEL,01-Dec-23,28-Dec-23,CE,129,3.4,4.7,3.35,4.3,4.3,4.3,987,7218.72,215.95,1210000,115500,130
TATASTEEL,01-Dec-23,28-Dec-23,CE,130,3.15,4.2,3,3.8,3.7,3.8,5787,42516.99,1139.94,12408000,-192500,130
TATASTEEL,01-Dec-23,28-Dec-23,CE,131,2.7,3.7,2.5,3.35,3.2,3.35,1294,9544.71,221.44,1276000,742500,130
TATASTEEL,01-Dec-23,28-Dec-23,CE,132,2.25,3.2,2.15,2.9,2.75,2.9,2046,15154.14,300.18,5186500,330000,130
TATASTEEL,01-Dec-23,28-Dec-23,CE,133,2,2.8,1.9,2.5,2.4,2.5,1359,10113.09,172,1408000,753500,130
TATASTEEL,01-Dec-23,28-Dec-23,CE,134,1.65,2.45,1.6,2.15,2.1,2.15,756,5654.88,83.16,968000,198000,130
TATASTEEL,01-Dec-23,28-Dec-23,CE,135,1.45,2.15,1.35,1.85,1.75,1.85,7612,57241.78,722.68,11093500,1408000,130
TATASTEEL,01-Dec-23,28-Dec-23,CE,136,1.15,1.85,1.15,1.65,1.55,1.65,794,6003.22,64.1,913000,253000,130
TATASTEEL,01-Dec-23,28-Dec-23,CE,137,1.05,1.6,1.05,1.4,1.35,1.4,940,7148.64,65.74,1501500,1067000,130
TATASTEEL,01-Dec-23,28-Dec-23,CE,138,1,1.4,0.9,1.2,1.1,1.2,532,4071.95,34.07,885500,346500,130
TATASTEEL,01-Dec-23,28-Dec-23,CE,139,0.85,1.2,0.8,1.05,1,1.05,397,3055.76,20.69,962500,825000,130
TATASTEEL,01-Dec-23,28-Dec-23,CE,140,0.7,1.1,0.65,0.9,0.85,0.9,6441,49897.64,301.94,10851500,2090000,130
TATASTEEL,01-Dec-23,28-Dec-23,CE,141,0.65,0.95,0.6,0.8,0.75,0.8,161,1255.33,6.78,434500,264000,130
TATASTEEL,01-Dec-23,28-Dec-23,CE,142,0.65,0.8,0.5,0.7,0.7,0.7,500,3922.57,17.57,847000,583000,130
TATASTEEL,01-Dec-23,28-Dec-23,CE,143,0.45,0.7,0.45,0.6,0.55,0.6,244,1926.77,7.71,511500,341000,130
TATASTEEL,01-Dec-23,28-Dec-23,CE,144,0.4,0.65,0.4,0.55,0.5,0.55,60,476.89,1.69,148500,148500,130
TATASTEEL,01-Dec-23,28-Dec-23,CE,145,0.35,0.6,0.35,0.45,0.45,0.45,2918,23344.21,73.16,2827000,984500,130
TATASTEEL,01-Dec-23,28-Dec-23,CE,146,0.35,0.5,0.35,0.4,0.4,0.4,84,676.28,1.76,121000,93500,130
TATASTEEL,01-Dec-23,28-Dec-23,CE,147,0.3,0.4,0.3,0.4,0.4,0.25,58,469.98,1.04,231000,148500,130
TATASTEEL,01-Dec-23,28-Dec-23,CE,148,0.3,0.4,0.25,0.35,0.3,0.35,125,1019.77,2.27,478500,198000,130
TATASTEEL,01-Dec-23,28-Dec-23,CE,149,0.35,0.4,0.2,0.3,0.3,0.3,496,4072.05,7.33,1815000,1122000,130
TATASTEEL,01-Dec-23,28-Dec-23,CE,97,-,-,-,32,-,33.5,-,-,-,-,-,130
TATASTEEL,01-Dec-23,28-Dec-23,CE,98,-,-,-,31.05,-,32.5,-,-,-,-,-,130
TATASTEEL,01-Dec-23,28-Dec-23,CE,99,-,-,-,30.15,-,31.5,-,-,-,-,-,130
TATASTEEL,04-Dec-23,28-Dec-23,CE,100,-,-,-,28.6,28.6,31.45,-,-,-,66000,-,131
TATASTEEL,04-Dec-23,28-Dec-23,CE,101,-,-,-,28.35,-,30.45,-,-,-,-,-,131
TATASTEEL,04-Dec-23,28-Dec-23,CE,102,-,-,-,27.5,-,29.45,-,-,-,-,-,131
TATASTEEL,04-Dec-23,28-Dec-23,CE,103,-,-,-,26.6,-,28.45,-,-,-,-,-,131
TATASTEEL,04-Dec-23,28-Dec-23,CE,104,-,-,-,25.75,-,27.45,-,-,-,-,-,131
TATASTEEL,04-Dec-23,28-Dec-23,CE,105,-,-,-,22.2,22.2,26.45,-,-,-,11000,-,131
TATASTEEL,04-Dec-23,28-Dec-23,CE,106,-,-,-,24.1,-,25.45,-,-,-,-,-,131
TATASTEEL,04-Dec-23,28-Dec-23,CE,107,-,-,-,23.25,-,24.5,-,-,-,-,-,131
TATASTEEL,04-Dec-23,28-Dec-23,CE,108,-,-,-,22.45,-,23.5,-,-,-,-,-,131
TATASTEEL,04-Dec-23,28-Dec-23,CE,109,-,-,-,21.65,-,22.5,-,-,-,-,-,131
TATASTEEL,04-Dec-23,28-Dec-23,CE,110,22,22,22,22,22,21.5,1,7.26,1.21,401500,-5500,131
TATASTEEL,04-Dec-23,28-Dec-23,CE,111,-,-,-,20.1,-,20.5,-,-,-,-,-,131
TATASTEEL,04-Dec-23,28-Dec-23,CE,112,-,-,-,19.35,-,19.55,-,-,-,-,-,131
TATASTEEL,04-Dec-23,28-Dec-23,CE,113,-,-,-,18.6,-,18.55,-,-,-,-,-,131
TATASTEEL,04-Dec-23,28-Dec-23,CE,114,-,-,-,17.85,-,17.6,-,-,-,-,-,131
TATASTEEL,04-Dec-23,28-Dec-23,CE,115,17,17.3,16.8,16.8,16.8,16.6,4,29.05,3.75,830500,-11000,131
TATASTEEL,04-Dec-23,28-Dec-23,CE,116,-,-,-,11.75,11.75,15.65,-,-,-,49500,-,131
TATASTEEL,04-Dec-23,28-Dec-23,CE,117,-,-,-,12,12,14.7,-,-,-,11000,-,131
TATASTEEL,04-Dec-23,28-Dec-23,CE,118,-,-,-,9.25,9.25,13.75,-,-,-,33000,-,131
TATASTEEL,04-Dec-23,28-Dec-23,CE,119,-,-,-,6.5,6.5,12.85,-,-,-,5500,-,131
TATASTEEL,04-Dec-23,28-Dec-23,CE,120,12.05,12.8,11.75,12,11.95,12,83,603.35,55.55,1875500,49500,131
TATASTEEL,04-Dec-23,28-Dec-23,CE,121,10.9,10.9,10.9,10.9,10.9,11.05,1,7.25,0.6,33000,-,131
TATASTEEL,04-Dec-23,28-Dec-23,CE,122,10.6,10.95,9.8,9.8,9.8,10.2,7,51.06,4.09,385000,-5500,131
TATASTEEL,04-Dec-23,28-Dec-23,CE,123,-,-,-,8.55,8.55,9.4,-,-,-,374000,-,131
TATASTEEL,04-Dec-23,28-Dec-23,CE,124,9.1,9.1,8.55,8.55,8.55,8.6,2,14.61,0.97,165000,-,131
TATASTEEL,04-Dec-23,28-Dec-23,CE,125,7.55,8.3,7.4,7.55,7.5,7.55,217,1584.84,92.96,2651000,-66000,131
TATASTEEL,04-Dec-23,28-Dec-23,CE,126,6.9,7.5,6.7,6.8,6.75,6.8,64,468.25,24.73,880000,-82500,131
TATASTEEL,04-Dec-23,28-Dec-23,CE,127,6.25,6.65,5.9,6.05,6,6.05,125,916.04,42.91,1595000,-82500,131
TATASTEEL,04-Dec-23,28-Dec-23,CE,128,5.65,6,5.2,5.35,5.35,5.35,304,2232.34,92.18,4334000,-44000,131
TATASTEEL,04-Dec-23,28-Dec-23,CE,129,5.2,5.3,4.6,4.7,4.7,4.7,252,1855.19,67.25,885500,-324500,131
TATASTEEL,04-Dec-23,28-Dec-23,CE,130,4.25,4.7,4,4.15,4.1,4.15,2760,20380.72,646.72,10857000,-1551000,131
TATASTEEL,04-Dec-23,28-Dec-23,CE,131,4.35,4.35,3.5,3.6,3.6,3.6,1137,8424.81,232.72,1787500,511500,131
TATASTEEL,04-Dec-23,28-Dec-23,CE,132,3.25,3.6,3,3.1,3.1,3.1,2008,14935.66,357.58,5566000,379500,131
TATASTEEL,04-Dec-23,28-Dec-23,CE,133,3,3.1,2.6,2.7,2.75,2.7,1328,9921.26,206.94,1655500,247500,131
TATASTEEL,04-Dec-23,28-Dec-23,CE,134,2.55,2.7,2.25,2.3,2.35,2.3,971,7285.87,129.6,1248500,280500,131
TATASTEEL,04-Dec-23,28-Dec-23,CE,135,2.15,2.4,1.95,2,2,2,3893,29354.32,448.8,12567500,1474000,131
TATASTEEL,04-Dec-23,28-Dec-23,CE,136,2.1,2.1,1.65,1.7,1.75,1.7,725,5494.99,72,1347500,434500,131
TATASTEEL,04-Dec-23,28-Dec-23,CE,137,1.65,1.8,1.45,1.45,1.45,1.45,496,3780.15,42.79,1694000,192500,131
TATASTEEL,04-Dec-23,28-Dec-23,CE,138,1.3,1.55,1.2,1.25,1.25,1.25,717,5494.73,52.7,1364000,478500,131
TATASTEEL,04-Dec-23,28-Dec-23,CE,139,1.25,1.35,1.05,1.1,1.1,1.1,310,2389.9,19.95,1105500,143000,131
TATASTEEL,04-Dec-23,28-Dec-23,CE,140,1.1,1.15,0.9,0.95,1,0.95,4768,36977.7,264.1,14063500,3212000,131
TATASTEEL,04-Dec-23,28-Dec-23,CE,141,0.95,1,0.8,0.8,0.8,0.8,260,2028.82,12.52,819500,385000,131
TATASTEEL,04-Dec-23,28-Dec-23,CE,142,0.85,0.85,0.7,0.7,0.75,0.7,340,2669.86,14.46,1006500,159500,131
TATASTEEL,04-Dec-23,28-Dec-23,CE,143,0.65,0.75,0.6,0.6,0.6,0.6,201,1588.28,7.41,676500,165000,131
TATASTEEL,04-Dec-23,28-Dec-23,CE,144,0.6,0.65,0.5,0.55,0.55,0.55,187,1487.04,6,687500,539000,131
TATASTEEL,04-Dec-23,28-Dec-23,CE,145,0.6,0.6,0.45,0.5,0.5,0.5,1530,12246.35,44.6,3536500,709500,131
TATASTEEL,04-Dec-23,28-Dec-23,CE,146,0.55,0.55,0.4,0.45,0.4,0.45,188,1514.42,4.78,583000,462000,131
TATASTEEL,04-Dec-23,28-Dec-23,CE,147,0.4,0.5,0.35,0.4,0.4,0.4,52,421.57,1.16,258500,27500,131
TATASTEEL,04-Dec-23,28-Dec-23,CE,148,0.4,0.4,0.3,0.35,0.35,0.35,51,416.18,1.04,522500,44000,131
TATASTEEL,04-Dec-23,28-Dec-23,CE,149,0.3,0.4,0.25,0.3,0.3,0.3,377,3096.02,6.51,1798500,-16500,131
TATASTEEL,04-Dec-23,28-Dec-23,CE,150,0.3,0.35,0.25,0.3,0.3,0.3,127,1049.65,1.9,423500,423500,131
TATASTEEL,04-Dec-23,28-Dec-23,CE,97,-,-,-,32,-,34.45,-,-,-,-,-,131
TATASTEEL,04-Dec-23,28-Dec-23,CE,98,-,-,-,31.05,-,33.45,-,-,-,-,-,131
TATASTEEL,04-Dec-23,28-Dec-23,CE,99,-,-,-,30.15,-,32.45,-,-,-,-,-,131
TATASTEEL,05-Dec-23,28-Dec-23,CE,100,30,30,30,30,30,32,1,7.15,1.65,71500,5500,131.6
TATASTEEL,05-Dec-23,28-Dec-23,CE,101,-,-,-,28.35,-,31.05,-,-,-,-,-,131.6
TATASTEEL,05-Dec-23,28-Dec-23,CE,102,-,-,-,27.5,-,30.05,-,-,-,-,-,131.6
TATASTEEL,05-Dec-23,28-Dec-23,CE,103,-,-,-,26.6,-,29.05,-,-,-,-,-,131.6
TATASTEEL,05-Dec-23,28-Dec-23,CE,104,-,-,-,25.75,-,28.05,-,-,-,-,-,131.6
TATASTEEL,05-Dec-23,28-Dec-23,CE,105,-,-,-,22.2,22.2,27.05,-,-,-,11000,-,131.6
TATASTEEL,05-Dec-23,28-Dec-23,CE,106,-,-,-,24.1,-,26.05,-,-,-,-,-,131.6
TATASTEEL,05-Dec-23,28-Dec-23,CE,107,-,-,-,23.25,-,25.05,-,-,-,-,-,131.6
TATASTEEL,05-Dec-23,28-Dec-23,CE,108,-,-,-,22.45,-,24.05,-,-,-,-,-,131.6
TATASTEEL,05-Dec-23,28-Dec-23,CE,109,-,-,-,21.65,-,23.05,-,-,-,-,-,131.6
TATASTEEL,05-Dec-23,28-Dec-23,CE,110,21.55,22.1,21.55,22.1,22.1,22.1,2,14.5,2.4,407000,5500,131.6
TATASTEEL,05-Dec-23,28-Dec-23,CE,111,-,-,-,20.1,-,21.1,-,-,-,-,-,131.6
TATASTEEL,05-Dec-23,28-Dec-23,CE,112,-,-,-,19.35,-,20.1,-,-,-,-,-,131.6
TATASTEEL,05-Dec-23,28-Dec-23,CE,113,-,-,-,18.6,-,19.1,-,-,-,-,-,131.6
TATASTEEL,05-Dec-23,28-Dec-23,CE,114,-,-,-,17.85,-,18.15,-,-,-,-,-,131.6
TATASTEEL,05-Dec-23,28-Dec-23,CE,115,17.1,17.25,17.1,17.2,17.25,17.2,3,21.81,2.84,841500,11000,131.6
TATASTEEL,05-Dec-23,28-Dec-23,CE,116,-,-,-,11.75,11.75,16.2,-,-,-,49500,-,131.6
TATASTEEL,05-Dec-23,28-Dec-23,CE,117,-,-,-,12,12,15.25,-,-,-,11000,-,131.6
TATASTEEL,05-Dec-23,28-Dec-23,CE,118,-,-,-,9.25,9.25,14.3,-,-,-,33000,-,131.6
TATASTEEL,05-Dec-23,28-Dec-23,CE,119,-,-,-,6.5,6.5,13.35,-,-,-,5500,-,131.6
TATASTEEL,05-Dec-23,28-Dec-23,CE,120,11.25,13.3,11.25,12.6,12.6,12.6,52,379.16,35.96,1749000,-126500,131.6
TATASTEEL,05-Dec-23,28-Dec-23,CE,121,-,-,-,10.9,10.9,11.55,-,-,-,33000,-,131.6
TATASTEEL,05-Dec-23,28-Dec-23,CE,122,11.5,11.5,10.55,10.6,10.6,10.65,18,131.88,11.1,335500,-49500,131.6
TATASTEEL,05-Dec-23,28-Dec-23,CE,123,-,-,-,8.55,8.55,9.8,-,-,-,374000,-,131.6
TATASTEEL,05-Dec-23,28-Dec-23,CE,124,8.8,9.5,8.8,8.85,8.85,9,4,29.27,1.99,165000,-,131.6
TATASTEEL,05-Dec-23,28-Dec-23,CE,125,7.5,9,6.95,8.2,8.25,8.2,284,2073.66,121.16,2585000,-66000,131.6
TATASTEEL,05-Dec-23,28-Dec-23,CE,126,6.8,8.1,6.3,7.3,7.3,7.45,36,263.74,14.26,896500,16500,131.6
TATASTEEL,05-Dec-23,28-Dec-23,CE,127,5.55,7.2,5.55,6.7,6.7,6.7,35,256.71,12.24,1589500,-5500,131.6
TATASTEEL,05-Dec-23,28-Dec-23,CE,128,5.25,6.6,4.8,5.9,5.95,5.9,266,1954.21,81.57,4526500,192500,131.6
TATASTEEL,05-Dec-23,28-Dec-23,CE,129,4.75,6,4.25,5.25,5.3,5.25,158,1166.08,45.07,731500,-154000,131.6
TATASTEEL,05-Dec-23,28-Dec-23,CE,130,4.1,5.35,3.65,4.65,4.7,4.65,2220,16423.97,550.97,10411500,-445500,131.6
TATASTEEL,05-Dec-23,28-Dec-23,CE,131,3.65,4.7,3.2,4.05,4.05,4.05,1098,8146.84,235.75,1391500,-396000,131.6
TATASTEEL,05-Dec-23,28-Dec-23,CE,132,3.1,4.2,2.75,3.55,3.5,3.55,1821,13566.37,345.91,5896000,330000,131.6
TATASTEEL,05-Dec-23,28-Dec-23,CE,133,2.75,3.7,2.35,3.1,3.1,3.1,1443,10797.37,241.83,2123000,467500,131.6
TATASTEEL,05-Dec-23,28-Dec-23,CE,134,2.35,3.25,2.05,2.65,2.65,2.65,1162,8734.91,170.97,1182500,-66000,131.6
TATASTEEL,05-Dec-23,28-Dec-23,CE,135,2,2.85,1.75,2.3,2.3,2.3,5413,40876.23,684.71,12743500,176000,131.6
TATASTEEL,05-Dec-23,28-Dec-23,CE,136,1.75,2.5,1.5,2,2,2,1297,9841.82,140.26,1859000,511500,131.6
TATASTEEL,05-Dec-23,28-Dec-23,CE,137,1.4,2.2,1.25,1.75,1.75,1.75,854,6516.76,81.87,1666500,-27500,131.6
TATASTEEL,05-Dec-23,28-Dec-23,CE,138,1.25,1.85,1.15,1.5,1.5,1.5,597,4581.93,50.7,1375000,11000,131.6
TATASTEEL,05-Dec-23,28-Dec-23,CE,139,1.1,1.65,1,1.3,1.3,1.3,597,4608.56,44.49,1287000,181500,131.6
TATASTEEL,05-Dec-23,28-Dec-23,CE,140,1.05,1.5,0.85,1.15,1.15,1.15,6471,50228.52,401.82,15031500,968000,131.6
TATASTEEL,05-Dec-23,28-Dec-23,CE,141,0.8,1.3,0.7,1,0.95,1,414,3232.99,22.42,902000,82500,131.6
TATASTEEL,05-Dec-23,28-Dec-23,CE,142,0.7,1.1,0.6,0.85,0.85,0.85,262,2058.82,12.6,1281500,275000,131.6
TATASTEEL,05-Dec-23,28-Dec-23,CE,143,0.55,0.95,0.55,0.75,0.7,0.75,183,1447.23,7.93,709500,33000,131.6
TATASTEEL,05-Dec-23,28-Dec-23,CE,144,0.5,0.8,0.5,0.65,0.7,0.65,191,1519.29,6.57,814000,126500,131.6
TATASTEEL,05-Dec-23,28-Dec-23,CE,145,0.45,0.75,0.4,0.6,0.6,0.6,3364,26935.04,107.14,4598000,1061500,131.6
TATASTEEL,05-Dec-23,28-Dec-23,CE,146,0.4,0.65,0.4,0.5,0.5,0.5,181,1458.37,4.94,396000,-187000,131.6
TATASTEEL,05-Dec-23,28-Dec-23,CE,147,0.4,0.55,0.35,0.45,0.45,0.45,89,721.79,2.23,319000,60500,131.6
TATASTEEL,05-Dec-23,28-Dec-23,CE,148,0.3,0.5,0.3,0.4,0.4,0.4,178,1452.87,3.95,627000,104500,131.6
TATASTEEL,05-Dec-23,28-Dec-23,CE,149,0.3,0.5,0.25,0.35,0.35,0.35,370,3039.51,7.36,1859000,60500,131.6
TATASTEEL,05-Dec-23,28-Dec-23,CE,150,0.3,0.45,0.2,0.35,0.35,0.35,448,3704.01,8.01,913000,489500,131.6
TATASTEEL,05-Dec-23,28-Dec-23,CE,151,0.25,0.4,0.25,0.25,0.25,0.1,70,582.35,1,335500,335500,131.6
TATASTEEL,05-Dec-23,28-Dec-23,CE,97,-,-,-,32,-,35,-,-,-,-,-,131.6
TATASTEEL,05-Dec-23,28-Dec-23,CE,98,-,-,-,31.05,-,34,-,-,-,-,-,131.6
TATASTEEL,05-Dec-23,28-Dec-23,CE,99,-,-,-,30.15,-,33,-,-,-,-,-,131.6
TATASTEEL,06-Dec-23,28-Dec-23,CE,100,-,-,-,30,30,32.25,-,-,-,71500,-,131.85
TATASTEEL,06-Dec-23,28-Dec-23,CE,101,-,-,-,28.35,-,31.25,-,-,-,-,-,131.85
TATASTEEL,06-Dec-23,28-Dec-23,CE,102,-,-,-,27.5,-,30.25,-,-,-,-,-,131.85
TATASTEEL,06-Dec-23,28-Dec-23,CE,103,-,-,-,26.6,-,29.25,-,-,-,-,-,131.85
TATASTEEL,06-Dec-23,28-Dec-23,CE,104,-,-,-,25.75,-,28.25,-,-,-,-,-,131.85
TATASTEEL,06-Dec-23,28-Dec-23,CE,105,-,-,-,22.2,22.2,27.3,-,-,-,11000,-,131.85
TATASTEEL,06-Dec-23,28-Dec-23,CE,106,-,-,-,24.1,-,26.3,-,-,-,-,-,131.85
TATASTEEL,06-Dec-23,28-Dec-23,CE,107,-,-,-,23.25,-,25.3,-,-,-,-,-,131.85
TATASTEEL,06-Dec-23,28-Dec-23,CE,108,-,-,-,22.45,-,24.3,-,-,-,-,-,131.85
TATASTEEL,06-Dec-23,28-Dec-23,CE,109,-,-,-,21.65,-,23.3,-,-,-,-,-,131.85
TATASTEEL,06-Dec-23,28-Dec-23,CE,110,-,-,-,22.1,22.1,22.3,-,-,-,407000,-,131.85
TATASTEEL,06-Dec-23,28-Dec-23,CE,111,-,-,-,20.1,-,21.3,-,-,-,-,-,131.85
TATASTEEL,06-Dec-23,28-Dec-23,CE,112,-,-,-,19.35,-,20.3,-,-,-,-,-,131.85
TATASTEEL,06-Dec-23,28-Dec-23,CE,113,-,-,-,18.6,-,19.35,-,-,-,-,-,131.85
TATASTEEL,06-Dec-23,28-Dec-23,CE,114,-,-,-,17.85,-,18.35,-,-,-,-,-,131.85
TATASTEEL,06-Dec-23,28-Dec-23,CE,115,-,-,-,17.2,17.25,17.4,-,-,-,841500,-,131.85
TATASTEEL,06-Dec-23,28-Dec-23,CE,116,-,-,-,11.75,11.75,16.4,-,-,-,49500,-,131.85
TATASTEEL,06-Dec-23,28-Dec-23,CE,117,-,-,-,12,12,15.45,-,-,-,11000,-,131.85
TATASTEEL,06-Dec-23,28-Dec-23,CE,118,-,-,-,9.25,9.25,14.5,-,-,-,33000,-,131.85
TATASTEEL,06-Dec-23,28-Dec-23,CE,119,-,-,-,6.5,6.5,13.55,-,-,-,5500,-,131.85
TATASTEEL,06-Dec-23,28-Dec-23,CE,120,12.05,14.3,12,12.8,13.05,12.8,74,541.22,52.82,1710500,-38500,131.85
TATASTEEL,06-Dec-23,28-Dec-23,CE,121,11.6,11.6,11.6,11.6,11.6,11.7,1,7.29,0.64,33000,-,131.85
TATASTEEL,06-Dec-23,28-Dec-23,CE,122,10.75,10.75,10.7,10.7,10.7,10.85,2,14.6,1.18,335500,-,131.85
TATASTEEL,06-Dec-23,28-Dec-23,CE,123,-,-,-,8.55,8.55,9.95,-,-,-,374000,-,131.85
TATASTEEL,06-Dec-23,28-Dec-23,CE,124,8.9,10,8.5,10,10,9.15,7,51.29,3.55,165000,-,131.85
TATASTEEL,06-Dec-23,28-Dec-23,CE,125,8.2,9.6,7.7,8.5,8.7,8.5,181,1329.43,85.05,2623500,38500,131.85
TATASTEEL,06-Dec-23,28-Dec-23,CE,126,7,8.9,7,7.55,7.55,7.55,41,301.31,17.18,874500,-22000,131.85
TATASTEEL,06-Dec-23,28-Dec-23,CE,127,7.1,8.1,6.25,6.85,6.85,6.85,48,353.74,18.46,1578500,-11000,131.85
TATASTEEL,06-Dec-23,28-Dec-23,CE,128,6.25,7.25,5.4,6.1,6.25,6.1,211,1557.5,72.06,4433000,-93500,131.85
TATASTEEL,06-Dec-23,28-Dec-23,CE,129,5.55,6.5,4.85,5.45,5.55,5.45,174,1288.18,53.65,781000,49500,131.85
TATASTEEL,06-Dec-23,28-Dec-23,CE,130,4.8,5.85,4.2,4.75,4.8,4.75,2524,18732.49,685.89,10081500,-330000,131.85
TATASTEEL,06-Dec-23,28-Dec-23,CE,131,4.25,5.15,3.65,4.2,4.25,4.2,1038,7719.82,241.03,1353000,-38500,131.85
TATASTEEL,06-Dec-23,28-Dec-23,CE,132,3.75,4.5,3.2,3.65,3.7,3.65,4137,30877.87,843.25,13464000,7568000,131.85
TATASTEEL,06-Dec-23,28-Dec-23,CE,133,3.25,4.05,2.8,3.2,3.25,3.2,2489,18662.51,455.48,3377000,1254000,131.85
TATASTEEL,06-Dec-23,28-Dec-23,CE,134,2.9,3.6,2.45,2.8,2.85,2.8,1679,12641.3,267.07,2134000,951500,131.85
TATASTEEL,06-Dec-23,28-Dec-23,CE,135,2.3,3.2,2.1,2.45,2.5,2.45,9420,71289.91,1346.41,19629500,6886000,131.85
TATASTEEL,06-Dec-23,28-Dec-23,CE,136,2.15,2.8,1.8,2.15,2.15,2.15,2005,15246.2,248.8,3201000,1342000,131.85
TATASTEEL,06-Dec-23,28-Dec-23,CE,137,1.8,2.4,1.55,1.85,1.9,1.85,1113,8504.86,118.4,1936000,269500,131.85
TATASTEEL,06-Dec-23,28-Dec-23,CE,138,1.7,2.15,1.4,1.65,1.65,1.65,1498,11509.61,139.79,1842500,467500,131.85
TATASTEEL,06-Dec-23,28-Dec-23,CE,139,1.3,1.85,1.2,1.45,1.45,1.45,890,6877.07,73.02,1743500,456500,131.85
TATASTEEL,06-Dec-23,28-Dec-23,CE,140,1.2,1.7,1,1.3,1.3,1.3,9252,71913.1,672.7,17457000,2425500,131.85
TATASTEEL,06-Dec-23,28-Dec-23,CE,141,1,1.5,0.85,1.1,1.1,1.1,597,4667.54,37.81,1133000,231000,131.85
TATASTEEL,06-Dec-23,28-Dec-23,CE,142,0.85,1.3,0.8,1,1,1,434,3414.47,24.93,1336500,55000,131.85
TATASTEEL,06-Dec-23,28-Dec-23,CE,143,0.8,1.15,0.7,0.85,0.9,0.85,223,1764.98,11.09,731500,22000,131.85
TATASTEEL,06-Dec-23,28-Dec-23,CE,144,0.65,1,0.6,0.8,0.8,0.8,241,1918.81,10.09,907500,93500,131.85
TATASTEEL,06-Dec-23,28-Dec-23,CE,145,0.65,0.9,0.5,0.7,0.7,0.7,4622,37029.27,168.82,4103000,-495000,131.85
TATASTEEL,06-Dec-23,28-Dec-23,CE,146,0.5,0.8,0.45,0.6,0.65,0.6,220,1773.78,7.18,583000,187000,131.85
TATASTEEL,06-Dec-23,28-Dec-23,CE,147,0.45,0.7,0.4,0.55,0.6,0.55,213,1728.24,6.13,478500,159500,131.85
TATASTEEL,06-Dec-23,28-Dec-23,CE,148,0.4,0.65,0.35,0.5,0.45,0.5,203,1657.83,5.41,753500,126500,131.85
TATASTEEL,06-Dec-23,28-Dec-23,CE,149,0.4,0.55,0.3,0.45,0.45,0.45,305,2506.35,6.88,1903000,44000,131.85
TATASTEEL,06-Dec-23,28-Dec-23,CE,150,0.35,0.55,0.3,0.4,0.4,0.4,2818,23313.56,65.06,3982000,3069000,131.85
TATASTEEL,06-Dec-23,28-Dec-23,CE,151,0.3,0.5,0.25,0.35,0.4,0.35,446,3712.56,8.53,748000,412500,131.85
TATASTEEL,06-Dec-23,28-Dec-23,CE,152,0.25,0.4,0.25,0.3,0.3,0.3,121,1013.71,2.15,297000,297000,131.85
TATASTEEL,06-Dec-23,28-Dec-23,CE,97,-,-,-,32,-,35.25,-,-,-,-,-,131.85
TATASTEEL,06-Dec-23,28-Dec-23,CE,98,-,-,-,31.05,-,34.25,-,-,-,-,-,131.85
TATASTEEL,06-Dec-23,28-Dec-23,CE,99,-,-,-,30.15,-,33.25,-,-,-,-,-,131.85
TATASTEEL,07-Dec-23,28-Dec-23,CE,100,-,-,-,30,30,30.4,-,-,-,71500,-,130
TATASTEEL,07-Dec-23,28-Dec-23,CE,101,-,-,-,28.35,-,29.4,-,-,-,-,-,130
TATASTEEL,07-Dec-23,28-Dec-23,CE,102,-,-,-,27.5,-,28.4,-,-,-,-,-,130
TATASTEEL,07-Dec-23,28-Dec-23,CE,103,-,-,-,26.6,-,27.4,-,-,-,-,-,130
TATASTEEL,07-Dec-23,28-Dec-23,CE,104,-,-,-,25.75,-,26.4,-,-,-,-,-,130
TATASTEEL,07-Dec-23,28-Dec-23,CE,105,-,-,-,22.2,22.2,25.4,-,-,-,11000,-,130
TATASTEEL,07-Dec-23,28-Dec-23,CE,106,-,-,-,24.1,-,24.4,-,-,-,-,-,130
TATASTEEL,07-Dec-23,28-Dec-23,CE,107,-,-,-,23.25,-,23.4,-,-,-,-,-,130
TATASTEEL,07-Dec-23,28-Dec-23,CE,108,-,-,-,22.45,-,22.4,-,-,-,-,-,130
TATASTEEL,07-Dec-23,28-Dec-23,CE,109,-,-,-,21.65,-,21.45,-,-,-,-,-,130
TATASTEEL,07-Dec-23,28-Dec-23,CE,110,21.6,21.6,21.55,21.6,21.6,20.45,3,21.71,3.56,407000,-,130
TATASTEEL,07-Dec-23,28-Dec-23,CE,111,-,-,-,20.1,-,19.45,-,-,-,-,-,130
TATASTEEL,07-Dec-23,28-Dec-23,CE,112,-,-,-,19.35,-,18.45,-,-,-,-,-,130
TATASTEEL,07-Dec-23,28-Dec-23,CE,113,-,-,-,18.6,-,17.5,-,-,-,-,-,130
TATASTEEL,07-Dec-23,28-Dec-23,CE,114,-,-,-,17.85,-,16.5,-,-,-,-,-,130
TATASTEEL,07-Dec-23,28-Dec-23,CE,115,16,16.2,15.8,15.8,15.8,15.55,5,36.02,4.39,836000,-5500,130
TATASTEEL,07-Dec-23,28-Dec-23,CE,116,-,-,-,11.75,11.75,14.55,-,-,-,49500,-,130
TATASTEEL,07-Dec-23,28-Dec-23,CE,117,-,-,-,12,12,13.6,-,-,-,11000,-,130
TATASTEEL,07-Dec-23,28-Dec-23,CE,118,-,-,-,9.25,9.25,12.7,-,-,-,33000,-,130
TATASTEEL,07-Dec-23,28-Dec-23,CE,119,12.1,12.1,12,12.05,12,12.05,2,14.42,1.33,11000,5500,130
TATASTEEL,07-Dec-23,28-Dec-23,CE,120,12.4,12.4,10.9,11,10.9,11,83,600.69,52.89,1661000,-49500,130
TATASTEEL,07-Dec-23,28-Dec-23,CE,121,10.65,10.65,10.65,10.65,10.65,10,1,7.24,0.59,33000,-,130
TATASTEEL,07-Dec-23,28-Dec-23,CE,122,10.25,10.25,9.1,9.1,9.1,9.1,8,57.99,4.31,330000,-5500,130
TATASTEEL,07-Dec-23,28-Dec-23,CE,123,9.5,9.5,8.4,8.65,8.65,8.35,19,138.01,9.47,302500,-71500,130
TATASTEEL,07-Dec-23,28-Dec-23,CE,124,8.7,8.7,7.45,7.6,7.45,7.6,15,108.82,6.52,176000,11000,130
TATASTEEL,07-Dec-23,28-Dec-23,CE,125,8.3,8.3,6.7,6.85,6.9,6.85,192,1398.26,78.26,2772000,148500,130
TATASTEEL,07-Dec-23,28-Dec-23,CE,126,7.55,7.55,6.1,6.15,6.1,6.15,15,109.41,5.46,863500,-11000,130
TATASTEEL,07-Dec-23,28-Dec-23,CE,127,6.6,6.6,5.35,5.4,5.35,5.4,51,372.69,16.46,1633500,55000,130
TATASTEEL,07-Dec-23,28-Dec-23,CE,128,6.05,6.05,4.65,4.75,4.85,4.75,139,1018.62,40.06,4499000,66000,130
TATASTEEL,07-Dec-23,28-Dec-23,CE,129,5.4,5.4,4.05,4.15,4.2,4.15,126,925.32,31.35,907500,126500,130
TATASTEEL,07-Dec-23,28-Dec-23,CE,130,4.8,4.85,3.55,3.65,3.65,3.65,2324,17116.53,499.93,13579500,3498000,130
TATASTEEL,07-Dec-23,28-Dec-23,CE,131,4.1,4.25,3.05,3.15,3.15,3.15,1112,8222.84,210.88,2843500,1490500,130
TATASTEEL,07-Dec-23,28-Dec-23,CE,132,3.5,3.7,2.6,2.7,2.65,2.7,2070,15374.25,346.05,14712500,1248500,130
TATASTEEL,07-Dec-23,28-Dec-23,CE,133,3.25,3.25,2.3,2.35,2.35,2.35,1422,10608.75,206.82,4229500,852500,130
TATASTEEL,07-Dec-23,28-Dec-23,CE,134,2.8,2.8,2,2.05,2.05,2.05,950,7118.27,116.77,2596000,462000,130
TATASTEEL,07-Dec-23,28-Dec-23,CE,135,2.5,2.5,1.75,1.8,1.85,1.8,4063,30612.24,444.46,20542500,913000,130
TATASTEEL,07-Dec-23,28-Dec-23,CE,136,2.15,2.2,1.5,1.55,1.6,1.55,877,6643.35,83.39,2832500,-368500,130
TATASTEEL,07-Dec-23,28-Dec-23,CE,137,1.9,1.9,1.35,1.35,1.4,1.35,749,5705.67,61.95,1980000,44000,130
TATASTEEL,07-Dec-23,28-Dec-23,CE,138,1.65,1.65,1.15,1.2,1.2,1.2,749,5739.52,54.61,2332000,489500,130
TATASTEEL,07-Dec-23,28-Dec-23,CE,139,1.35,1.35,1,1.05,1.1,1.05,348,2682.77,22.31,1655500,-88000,130
TATASTEEL,07-Dec-23,28-Dec-23,CE,140,1.4,1.4,0.9,0.95,1,0.95,3396,26342.13,192.93,20773500,3316500,130
TATASTEEL,07-Dec-23,28-Dec-23,CE,141,1,1,0.8,0.85,0.85,0.85,204,1592.41,10.39,1375000,242000,130
TATASTEEL,07-Dec-23,28-Dec-23,CE,142,1,1,0.7,0.75,0.8,0.75,231,1814.16,10.05,1463000,126500,130
TATASTEEL,07-Dec-23,28-Dec-23,CE,143,0.9,0.9,0.65,0.7,0.7,0.7,136,1074.97,5.33,731500,-,130
TATASTEEL,07-Dec-23,28-Dec-23,CE,144,0.75,0.75,0.55,0.6,0.6,0.6,98,779.56,3.4,913000,5500,130
TATASTEEL,07-Dec-23,28-Dec-23,CE,145,0.7,0.7,0.5,0.55,0.55,0.55,1629,13042.59,51.31,5692500,1589500,130
TATASTEEL,07-Dec-23,28-Dec-23,CE,146,0.6,0.6,0.5,0.5,0.5,0.15,42,338.48,1.22,594000,11000,130
TATASTEEL,07-Dec-23,28-Dec-23,CE,147,0.5,0.5,0.4,0.4,0.45,0.4,55,445.96,1.28,495000,16500,130
TATASTEEL,07-Dec-23,28-Dec-23,CE,148,0.45,0.45,0.35,0.4,0.4,0.4,73,595.88,1.66,852500,99000,130
TATASTEEL,07-Dec-23,28-Dec-23,CE,149,0.45,0.45,0.3,0.35,0.4,0.35,134,1100.87,2.74,1980000,77000,130
TATASTEEL,07-Dec-23,28-Dec-23,CE,150,0.4,0.45,0.3,0.3,0.3,0.3,1909,15785.86,36.61,5005000,1023000,130
TATASTEEL,07-Dec-23,28-Dec-23,CE,151,0.4,0.4,0.25,0.3,0.3,0.3,225,1872.47,3.84,1160500,412500,130
TATASTEEL,07-Dec-23,28-Dec-23,CE,152,0.35,0.35,0.25,0.25,0.3,0.25,148,1239.43,2.15,808500,511500,130
TATASTEEL,07-Dec-23,28-Dec-23,CE,97,-,-,-,32,-,33.4,-,-,-,-,-,130
TATASTEEL,07-Dec-23,28-Dec-23,CE,98,-,-,-,31.05,-,32.4,-,-,-,-,-,130
TATASTEEL,07-Dec-23,28-Dec-23,CE,99,-,-,-,30.15,-,31.4,-,-,-,-,-,130
TATASTEEL,08-Dec-23,28-Dec-23,CE,100,-,-,-,30,30,29.55,-,-,-,71500,-,129.2
TATASTEEL,08-Dec-23,28-Dec-23,CE,101,-,-,-,28.35,-,28.55,-,-,-,-,-,129.2
TATASTEEL,08-Dec-23,28-Dec-23,CE,102,-,-,-,27.5,-,27.6,-,-,-,-,-,129.2
TATASTEEL,08-Dec-23,28-Dec-23,CE,103,-,-,-,26.6,-,26.6,-,-,-,-,-,129.2
TATASTEEL,08-Dec-23,28-Dec-23,CE,104,-,-,-,25.75,-,25.6,-,-,-,-,-,129.2
TATASTEEL,08-Dec-23,28-Dec-23,CE,105,-,-,-,22.2,22.2,24.6,-,-,-,11000,-,129.2
TATASTEEL,08-Dec-23,28-Dec-23,CE,106,-,-,-,24.1,-,23.6,-,-,-,-,-,129.2
TATASTEEL,08-Dec-23,28-Dec-23,CE,107,-,-,-,23.25,-,22.6,-,-,-,-,-,129.2
TATASTEEL,08-Dec-23,28-Dec-23,CE,108,-,-,-,22.45,-,21.6,-,-,-,-,-,129.2
TATASTEEL,08-Dec-23,28-Dec-23,CE,109,-,-,-,21.65,-,20.6,-,-,-,-,-,129.2
TATASTEEL,08-Dec-23,28-Dec-23,CE,110,21.8,21.8,21.8,21.8,21.8,19.6,1,7.25,1.2,407000,-,129.2
TATASTEEL,08-Dec-23,28-Dec-23,CE,111,-,-,-,20.1,-,18.65,-,-,-,-,-,129.2
TATASTEEL,08-Dec-23,28-Dec-23,CE,112,-,-,-,19.35,-,17.65,-,-,-,-,-,129.2
TATASTEEL,08-Dec-23,28-Dec-23,CE,113,-,-,-,18.6,-,16.65,-,-,-,-,-,129.2
TATASTEEL,08-Dec-23,28-Dec-23,CE,114,-,-,-,17.85,-,15.7,-,-,-,-,-,129.2
TATASTEEL,08-Dec-23,28-Dec-23,CE,115,16.5,16.5,15.1,15.1,15.1,14.7,3,21.57,2.59,836000,-,129.2
TATASTEEL,08-Dec-23,28-Dec-23,CE,116,-,-,-,11.75,11.75,13.75,-,-,-,49500,-,129.2
TATASTEEL,08-Dec-23,28-Dec-23,CE,117,-,-,-,12,12,12.8,-,-,-,11000,-,129.2
TATASTEEL,08-Dec-23,28-Dec-23,CE,118,13.6,13.6,12.2,12.2,12.2,11.9,2,14.4,1.42,33000,-,129.2
TATASTEEL,08-Dec-23,28-Dec-23,CE,119,-,-,-,12.05,12,11,-,-,-,11000,-,129.2
TATASTEEL,08-Dec-23,28-Dec-23,CE,120,11.5,12.4,9.4,10.55,10.55,10.55,94,676,55.6,1688500,27500,129.2
TATASTEEL,08-Dec-23,28-Dec-23,CE,121,-,-,-,10.65,10.65,9.25,-,-,-,33000,-,129.2
TATASTEEL,08-Dec-23,28-Dec-23,CE,122,8.15,8.2,7.65,8.05,8.05,8.4,7,50.04,3.07,330000,-,129.2
TATASTEEL,08-Dec-23,28-Dec-23,CE,123,8.15,8.15,7.1,7.3,7.3,7.6,11,78.98,4.57,308000,5500,129.2
TATASTEEL,08-Dec-23,28-Dec-23,CE,124,8,8.6,6.1,6.95,7,6.95,23,165.9,9.04,192500,16500,129.2
TATASTEEL,08-Dec-23,28-Dec-23,CE,125,6.85,8,5.2,6.25,6.25,6.25,337,2440.41,123.53,3096500,324500,129.2
TATASTEEL,08-Dec-23,28-Dec-23,CE,126,6.2,7.15,4.65,5.5,5.45,5.5,39,283.08,12.81,880000,16500,129.2
TATASTEEL,08-Dec-23,28-Dec-23,CE,127,5.4,6.55,4,4.8,4.75,4.8,112,812.55,30.23,1776500,143000,129.2
TATASTEEL,08-Dec-23,28-Dec-23,CE,128,4.75,5.8,3.4,4.2,4.15,4.2,668,4869.48,166.76,4823500,324500,129.2
TATASTEEL,08-Dec-23,28-Dec-23,CE,129,4.25,5.15,2.95,3.7,3.65,3.7,651,4749.38,130.53,1309000,401500,129.2
TATASTEEL,08-Dec-23,28-Dec-23,CE,130,3.7,4.65,2.6,3.25,3.15,3.25,4496,33028.18,881.78,15999500,2420000,129.2
TATASTEEL,08-Dec-23,28-Dec-23,CE,131,3.2,4.05,2.2,2.8,2.75,2.8,2294,16915.95,387.68,3542000,698500,129.2
TATASTEEL,08-Dec-23,28-Dec-23,CE,132,2.65,3.55,1.85,2.4,2.4,2.4,2540,18820.46,380.06,15664000,951500,129.2
TATASTEEL,08-Dec-23,28-Dec-23,CE,133,2.4,3.15,1.65,2.1,2,2.1,2156,16051.56,280.42,4548500,319000,129.2
TATASTEEL,08-Dec-23,28-Dec-23,CE,134,2,2.8,1.45,1.8,1.85,1.8,1746,13061.85,193.83,2733500,137500,129.2
TATASTEEL,08-Dec-23,28-Dec-23,CE,135,1.85,2.5,1.25,1.65,1.6,1.65,7435,55998.55,793.67,21950500,1408000,129.2
TATASTEEL,08-Dec-23,28-Dec-23,CE,136,1.65,2.2,1.1,1.4,1.4,1.4,1329,10057.54,116.62,3096500,264000,129.2
TATASTEEL,08-Dec-23,28-Dec-23,CE,137,1.35,1.95,1,1.25,1.2,1.25,689,5249.57,57.95,2057000,77000,129.2
TATASTEEL,08-Dec-23,28-Dec-23,CE,138,1.2,1.7,0.9,1.1,1.1,1.1,746,5717.3,55.16,2535500,203500,129.2
TATASTEEL,08-Dec-23,28-Dec-23,CE,139,1.1,1.5,0.8,1,0.95,1,363,2798.17,23.03,1650000,-5500,129.2
TATASTEEL,08-Dec-23,28-Dec-23,CE,140,1,1.4,0.7,0.9,0.9,0.9,4967,38529.88,283.98,21224500,451000,129.2
TATASTEEL,08-Dec-23,28-Dec-23,CE,141,0.85,1.2,0.6,0.8,0.8,0.8,787,6139.59,36.4,2491500,1116500,129.2
TATASTEEL,08-Dec-23,28-Dec-23,CE,142,0.75,1.05,0.55,0.7,0.75,0.7,329,2584.38,14.89,1562000,99000,129.2
TATASTEEL,08-Dec-23,28-Dec-23,CE,143,0.7,1,0.5,0.65,0.65,0.65,82,648.23,3.3,737000,5500,129.2
TATASTEEL,08-Dec-23,28-Dec-23,CE,144,0.6,0.85,0.45,0.55,0.55,0.55,274,2180,9.92,687500,-225500,129.2
TATASTEEL,08-Dec-23,28-Dec-23,CE,145,0.55,0.8,0.4,0.55,0.55,0.55,3037,24318.76,98.68,6072000,379500,129.2
TATASTEEL,08-Dec-23,28-Dec-23,CE,146,0.5,0.7,0.35,0.5,0.5,0.5,370,2981.67,10.57,632500,38500,129.2
TATASTEEL,08-Dec-23,28-Dec-23,CE,147,0.45,0.65,0.3,0.4,0.4,0.4,91,738.04,2.3,594000,99000,129.2
TATASTEEL,08-Dec-23,28-Dec-23,CE,148,0.4,0.6,0.3,0.4,0.4,0.4,222,1812.18,5.1,924000,71500,129.2
TATASTEEL,08-Dec-23,28-Dec-23,CE,149,0.4,0.5,0.3,0.35,0.4,0.35,428,3516.38,8.92,2205500,225500,129.2
TATASTEEL,08-Dec-23,28-Dec-23,CE,150,0.35,0.5,0.25,0.35,0.35,0.35,2861,23661.07,57.82,5368000,363000,129.2
TATASTEEL,08-Dec-23,28-Dec-23,CE,151,0.3,0.45,0.25,0.3,0.3,0.3,387,3220.57,6.53,1138500,-22000,129.2
TATASTEEL,08-Dec-23,28-Dec-23,CE,152,0.3,0.4,0.2,0.3,0.25,0.3,585,4899.45,8.85,1815000,1006500,129.2
TATASTEEL,08-Dec-23,28-Dec-23,CE,97,-,-,-,32,-,32.55,-,-,-,-,-,129.2
TATASTEEL,08-Dec-23,28-Dec-23,CE,98,-,-,-,31.05,-,31.55,-,-,-,-,-,129.2
TATASTEEL,08-Dec-23,28-Dec-23,CE,99,-,-,-,30.15,-,30.55,-,-,-,-,-,129.2
TATASTEEL,11-Dec-23,28-Dec-23,CE,100,-,-,-,30,30,30.35,-,-,-,71500,-,130.05
TATASTEEL,11-Dec-23,28-Dec-23,CE,101,-,-,-,28.35,-,29.35,-,-,-,-,-,130.05
TATASTEEL,11-Dec-23,28-Dec-23,CE,102,-,-,-,27.5,-,28.35,-,-,-,-,-,130.05
TATASTEEL,11-Dec-23,28-Dec-23,CE,103,-,-,-,26.6,-,27.35,-,-,-,-,-,130.05
TATASTEEL,11-Dec-23,28-Dec-23,CE,104,-,-,-,25.75,-,26.4,-,-,-,-,-,130.05
TATASTEEL,11-Dec-23,28-Dec-23,CE,105,-,-,-,22.2,22.2,25.4,-,-,-,11000,-,130.05
TATASTEEL,11-Dec-23,28-Dec-23,CE,106,-,-,-,24.1,-,24.4,-,-,-,-,-,130.05
TATASTEEL,11-Dec-23,28-Dec-23,CE,107,-,-,-,23.25,-,23.4,-,-,-,-,-,130.05
TATASTEEL,11-Dec-23,28-Dec-23,CE,108,-,-,-,22.45,-,22.4,-,-,-,-,-,130.05
TATASTEEL,11-Dec-23,28-Dec-23,CE,109,-,-,-,21.65,-,21.4,-,-,-,-,-,130.05
TATASTEEL,11-Dec-23,28-Dec-23,CE,110,20.35,20.35,20.35,20.35,20.35,20.4,1,7.17,1.12,407000,-,130.05
TATASTEEL,11-Dec-23,28-Dec-23,CE,111,-,-,-,20.1,-,19.4,-,-,-,-,-,130.05
TATASTEEL,11-Dec-23,28-Dec-23,CE,112,18.55,18.55,18.55,18.55,18.55,18.4,1,7.18,1.02,5500,5500,130.05
TATASTEEL,11-Dec-23,28-Dec-23,CE,113,-,-,-,18.6,-,17.4,-,-,-,-,-,130.05
TATASTEEL,11-Dec-23,28-Dec-23,CE,114,-,-,-,17.85,-,16.45,-,-,-,-,-,130.05
TATASTEEL,11-Dec-23,28-Dec-23,CE,115,15.75,16,15.75,16,16,15.45,3,21.6,2.63,836000,-,130.05
TATASTEEL,11-Dec-23,28-Dec-23,CE,116,-,-,-,11.75,11.75,14.5,-,-,-,49500,-,130.05
TATASTEEL,11-Dec-23,28-Dec-23,CE,117,-,-,-,12,12,13.5,-,-,-,11000,-,130.05
TATASTEEL,11-Dec-23,28-Dec-23,CE,118,-,-,-,12.2,12.2,12.55,-,-,-,33000,-,130.05
TATASTEEL,11-Dec-23,28-Dec-23,CE,119,-,-,-,12.05,12,11.6,-,-,-,11000,-,130.05
TATASTEEL,11-Dec-23,28-Dec-23,CE,120,10.35,11.5,10.05,11.15,11.45,11.15,61,439.13,36.53,1650000,-38500,130.05
TATASTEEL,11-Dec-23,28-Dec-23,CE,121,-,-,-,10.65,10.65,9.8,-,-,-,33000,-,130.05
TATASTEEL,11-Dec-23,28-Dec-23,CE,122,-,-,-,8.05,8.05,8.9,-,-,-,330000,-,130.05
TATASTEEL,11-Dec-23,28-Dec-23,CE,123,7.65,8.7,7.65,8.35,8.35,8.05,17,122.6,7.6,302500,-5500,130.05
TATASTEEL,11-Dec-23,28-Dec-23,CE,124,6.8,7.7,6.8,7.65,7.65,7.25,11,79.36,4.34,220000,27500,130.05
TATASTEEL,11-Dec-23,28-Dec-23,CE,125,6.25,7.15,5.9,6.85,7.1,6.85,248,1795.06,90.06,3030500,-66000,130.05
TATASTEEL,11-Dec-23,28-Dec-23,CE,126,5.25,6.3,5.25,6.25,6.25,6.25,25,181.34,8.09,819500,-60500,130.05
TATASTEEL,11-Dec-23,28-Dec-23,CE,127,4.8,5.6,4.5,5.4,5.4,5.05,47,341.37,13.08,1793000,16500,130.05
TATASTEEL,11-Dec-23,28-Dec-23,CE,128,4.3,4.95,4,4.7,4.85,4.7,316,2302.01,77.37,4988500,165000,130.05
TATASTEEL,11-Dec-23,28-Dec-23,CE,129,3.7,4.35,3.5,4.15,4.3,4.15,773,5650.75,166.31,1545500,236500,130.05
TATASTEEL,11-Dec-23,28-Dec-23,CE,130,3.3,3.85,3.05,3.65,3.75,3.65,4352,31948.48,831.68,19684500,3685000,130.05
TATASTEEL,11-Dec-23,28-Dec-23,CE,131,2.8,3.3,2.65,3.1,3.15,3.1,1739,12816.3,286.81,3734500,192500,130.05
TATASTEEL,11-Dec-23,28-Dec-23,CE,132,2.5,2.9,2.25,2.65,2.7,2.65,1782,13191.07,253.75,15532000,-132000,130.05
TATASTEEL,11-Dec-23,28-Dec-23,CE,133,2.1,2.5,1.95,2.3,2.4,2.3,1177,8754.91,145.15,4543000,-5500,130.05
TATASTEEL,11-Dec-23,28-Dec-23,CE,134,1.85,2.15,1.7,2.05,2.1,2.05,1041,7783.76,111.59,3531000,797500,130.05
TATASTEEL,11-Dec-23,28-Dec-23,CE,135,1.75,1.95,1.5,1.8,1.85,1.8,4129,31050.72,392.9,22660000,709500,130.05
TATASTEEL,11-Dec-23,28-Dec-23,CE,136,1.45,1.7,1.3,1.55,1.6,1.55,750,5671.29,61.29,3157000,60500,130.05
TATASTEEL,11-Dec-23,28-Dec-23,CE,137,1.2,1.45,1.15,1.35,1.4,1.35,697,5302.07,50.17,2238500,181500,130.05
TATASTEEL,11-Dec-23,28-Dec-23,CE,138,1.15,1.3,1.05,1.2,1.2,1.2,526,4025.85,33.51,2409000,-126500,130.05
TATASTEEL,11-Dec-23,28-Dec-23,CE,139,1,1.15,0.95,1.05,1.05,1.05,440,3388.78,24.98,1595000,-55000,130.05
TATASTEEL,11-Dec-23,28-Dec-23,CE,140,0.95,1.05,0.8,0.95,1,0.95,3678,28509.58,188.98,22143000,918500,130.05
TATASTEEL,11-Dec-23,28-Dec-23,CE,141,0.75,0.95,0.65,0.85,0.85,0.85,626,4880.69,26.06,1430000,-1061500,130.05
TATASTEEL,11-Dec-23,28-Dec-23,CE,142,0.7,0.85,0.6,0.8,0.8,0.8,147,1153.99,5.92,1595000,33000,130.05
TATASTEEL,11-Dec-23,28-Dec-23,CE,143,0.6,0.75,0.6,0.7,0.65,0.7,238,1880.49,8.62,1067000,330000,130.05
TATASTEEL,11-Dec-23,28-Dec-23,CE,144,0.6,0.65,0.55,0.6,0.6,0.6,80,636.14,2.54,797500,110000,130.05
TATASTEEL,11-Dec-23,28-Dec-23,CE,145,0.6,0.6,0.45,0.55,0.55,0.55,2104,16840.87,61.47,6622000,550000,130.05
TATASTEEL,11-Dec-23,28-Dec-23,CE,146,0.5,0.55,0.4,0.55,0.55,0.55,140,1127.79,3.59,649000,16500,130.05
TATASTEEL,11-Dec-23,28-Dec-23,CE,147,0.4,0.45,0.35,0.45,0.45,0.45,153,1240.48,3.47,764500,170500,130.05
TATASTEEL,11-Dec-23,28-Dec-23,CE,148,0.45,0.45,0.35,0.4,0.4,0.4,69,563.17,1.51,929500,5500,130.05
TATASTEEL,11-Dec-23,28-Dec-23,CE,149,0.35,0.4,0.35,0.35,0.35,0.35,149,1224,2.95,2156000,-49500,130.05
TATASTEEL,11-Dec-23,28-Dec-23,CE,150,0.35,0.4,0.3,0.3,0.3,0.3,1122,9277.03,20.53,5962000,594000,130.05
TATASTEEL,11-Dec-23,28-Dec-23,CE,151,0.3,0.35,0.25,0.3,0.25,0.3,297,2471.47,4.89,1342000,203500,130.05
TATASTEEL,11-Dec-23,28-Dec-23,CE,152,0.3,0.3,0.25,0.25,0.25,0.25,292,2445.29,4.17,2161500,346500,130.05
TATASTEEL,11-Dec-23,28-Dec-23,CE,97,-,-,-,32,-,33.35,-,-,-,-,-,130.05
TATASTEEL,11-Dec-23,28-Dec-23,CE,98,-,-,-,31.05,-,32.35,-,-,-,-,-,130.05
TATASTEEL,11-Dec-23,28-Dec-23,CE,99,-,-,-,30.15,-,31.35,-,-,-,-,-,130.05
TATASTEEL,12-Dec-23,28-Dec-23,CE,100,-,-,-,30,30,30.4,-,-,-,71500,-,130.1
TATASTEEL,12-Dec-23,28-Dec-23,CE,101,-,-,-,28.35,-,29.4,-,-,-,-,-,130.1
TATASTEEL,12-Dec-23,28-Dec-23,CE,102,-,-,-,27.5,-,28.4,-,-,-,-,-,130.1
TATASTEEL,12-Dec-23,28-Dec-23,CE,103,-,-,-,26.6,-,27.4,-,-,-,-,-,130.1
TATASTEEL,12-Dec-23,28-Dec-23,CE,104,-,-,-,25.75,-,26.4,-,-,-,-,-,130.1
TATASTEEL,12-Dec-23,28-Dec-23,CE,105,-,-,-,22.2,22.2,25.4,-,-,-,11000,-,130.1
TATASTEEL,12-Dec-23,28-Dec-23,CE,106,-,-,-,24.1,-,24.4,-,-,-,-,-,130.1
TATASTEEL,12-Dec-23,28-Dec-23,CE,107,-,-,-,23.25,-,23.4,-,-,-,-,-,130.1
TATASTEEL,12-Dec-23,28-Dec-23,CE,108,-,-,-,22.45,-,22.4,-,-,-,-,-,130.1
TATASTEEL,12-Dec-23,28-Dec-23,CE,109,-,-,-,21.65,-,21.4,-,-,-,-,-,130.1
TATASTEEL,12-Dec-23,28-Dec-23,CE,110,22.6,22.6,21.9,21.9,21.9,20.45,2,14.55,2.45,407000,-,130.1
TATASTEEL,12-Dec-23,28-Dec-23,CE,111,-,-,-,20.1,-,19.45,-,-,-,-,-,130.1
TATASTEEL,12-Dec-23,28-Dec-23,CE,112,17.75,17.75,17.75,17.75,17.75,18.45,1,7.14,0.98,5500,-,130.1
TATASTEEL,12-Dec-23,28-Dec-23,CE,113,-,-,-,18.6,-,17.45,-,-,-,-,-,130.1
TATASTEEL,12-Dec-23,28-Dec-23,CE,114,-,-,-,17.85,-,16.45,-,-,-,-,-,130.1
TATASTEEL,12-Dec-23,28-Dec-23,CE,115,16,18.2,15.85,18.2,18.2,15.45,3,21.73,2.75,836000,-,130.1
TATASTEEL,12-Dec-23,28-Dec-23,CE,116,-,-,-,11.75,11.75,14.5,-,-,-,49500,-,130.1
TATASTEEL,12-Dec-23,28-Dec-23,CE,117,-,-,-,12,12,13.5,-,-,-,11000,-,130.1
TATASTEEL,12-Dec-23,28-Dec-23,CE,118,-,-,-,12.2,12.2,12.55,-,-,-,33000,-,130.1
TATASTEEL,12-Dec-23,28-Dec-23,CE,119,-,-,-,12.05,12,11.6,-,-,-,11000,-,130.1
TATASTEEL,12-Dec-23,28-Dec-23,CE,120,11.7,13,10.95,10.95,10.95,10.7,107,778.3,72.1,1732500,82500,130.1
TATASTEEL,12-Dec-23,28-Dec-23,CE,121,11.6,11.6,11.6,11.6,11.6,9.8,1,7.29,0.64,33000,-,130.1
TATASTEEL,12-Dec-23,28-Dec-23,CE,122,9.15,9.15,9.15,9.15,9.15,8.9,1,7.21,0.5,335500,5500,130.1
TATASTEEL,12-Dec-23,28-Dec-23,CE,123,9.05,9.05,8.35,8.4,8.4,8.05,10,72.37,4.72,275000,-27500,130.1
TATASTEEL,12-Dec-23,28-Dec-23,CE,124,8.85,9.2,7.85,8.05,8.1,8.05,12,87.3,5.46,231000,11000,130.1
TATASTEEL,12-Dec-23,28-Dec-23,CE,125,7.55,8.45,6.6,7.05,7.2,7.05,234,1706.68,97.93,2915000,-115500,130.1
TATASTEEL,12-Dec-23,28-Dec-23,CE,126,7.45,7.45,6.25,6.4,6.35,6.4,13,94.92,4.83,841500,22000,130.1
TATASTEEL,12-Dec-23,28-Dec-23,CE,127,6.3,6.7,5.25,5.6,5.6,5.6,46,336.56,15.25,1798500,5500,130.1
TATASTEEL,12-Dec-23,28-Dec-23,CE,128,5,6.05,4.5,4.9,4.9,4.9,221,1621.42,65.58,4895000,-93500,130.1
TATASTEEL,12-Dec-23,28-Dec-23,CE,129,4.55,5.35,3.85,4.2,4.35,4.2,417,3065.47,106.85,1446500,-99000,130.1
TATASTEEL,12-Dec-23,28-Dec-23,CE,130,4.05,4.8,3.35,3.75,3.75,3.75,5253,38762.38,1203.43,19750500,66000,130.1
TATASTEEL,12-Dec-23,28-Dec-23,CE,131,3.6,4.2,2.9,3.2,3.35,3.2,2387,17673.33,474.99,5104000,1369500,130.1
TATASTEEL,12-Dec-23,28-Dec-23,CE,132,2.95,3.7,2.45,2.75,2.85,2.75,3849,28604.3,660.56,16236000,704000,130.1
TATASTEEL,12-Dec-23,28-Dec-23,CE,133,2.65,3.2,2.15,2.4,2.55,2.4,2175,16229.42,319.29,4521000,-22000,130.1
TATASTEEL,12-Dec-23,28-Dec-23,CE,134,2.25,2.8,1.85,2.05,2.15,2.05,1815,13603.57,227.02,3140500,-390500,130.1
TATASTEEL,12-Dec-23,28-Dec-23,CE,135,1.9,2.5,1.6,1.8,1.9,1.8,10238,77191.3,1174.15,22517000,-143000,130.1
TATASTEEL,12-Dec-23,28-Dec-23,CE,136,1.8,2.1,1.35,1.55,1.65,1.55,1311,9933.18,126.9,3256000,99000,130.1
TATASTEEL,12-Dec-23,28-Dec-23,CE,137,1.45,1.85,1.25,1.35,1.4,1.35,745,5676.95,63.37,2519000,280500,130.1
TATASTEEL,12-Dec-23,28-Dec-23,CE,138,1.45,1.6,1.05,1.2,1.3,1.2,768,5886.95,57.83,2475000,66000,130.1
TATASTEEL,12-Dec-23,28-Dec-23,CE,139,1.1,1.45,0.95,1.05,1.1,1.05,387,2983.71,25.1,1617000,22000,130.1
TATASTEEL,12-Dec-23,28-Dec-23,CE,140,1.05,1.35,0.85,0.95,1,0.95,7308,56709.85,438.25,22319000,176000,130.1
TATASTEEL,12-Dec-23,28-Dec-23,CE,141,0.95,1.15,0.8,0.9,0.9,0.9,266,2077.14,14.31,1424500,-5500,130.1
TATASTEEL,12-Dec-23,28-Dec-23,CE,142,0.9,1,0.7,0.75,0.8,0.75,208,1634.27,9.79,1628000,33000,130.1
TATASTEEL,12-Dec-23,28-Dec-23,CE,143,0.75,0.9,0.6,0.7,0.7,0.7,138,1091.33,5.96,1045000,-22000,130.1
TATASTEEL,12-Dec-23,28-Dec-23,CE,144,0.65,0.8,0.55,0.55,0.55,0.55,77,612.58,2.74,891000,93500,130.1
TATASTEEL,12-Dec-23,28-Dec-23,CE,145,0.65,0.75,0.45,0.55,0.55,0.55,3619,28979.94,118.42,7381000,759000,130.1
TATASTEEL,12-Dec-23,28-Dec-23,CE,146,0.5,0.65,0.45,0.5,0.5,0.5,55,443.22,1.57,737000,88000,130.1
TATASTEEL,12-Dec-23,28-Dec-23,CE,147,0.5,0.55,0.4,0.45,0.45,0.45,181,1468.15,4.76,1188000,423500,130.1
TATASTEEL,12-Dec-23,28-Dec-23,CE,148,0.4,0.5,0.4,0.4,0.4,0.4,83,677.63,2.01,968000,38500,130.1
TATASTEEL,12-Dec-23,28-Dec-23,CE,149,0.4,0.45,0.3,0.35,0.4,0.35,380,3121.96,7.86,2156000,-,130.1
TATASTEEL,12-Dec-23,28-Dec-23,CE,150,0.3,0.45,0.3,0.35,0.3,0.35,2914,24096.88,56.38,6215000,253000,130.1
TATASTEEL,12-Dec-23,28-Dec-23,CE,151,0.3,0.35,0.25,0.3,0.25,0.3,255,2122.07,4.3,1336500,-5500,130.1
TATASTEEL,12-Dec-23,28-Dec-23,CE,152,0.3,0.3,0.2,0.25,0.3,0.25,533,4463.78,7.9,2563000,401500,130.1
TATASTEEL,12-Dec-23,28-Dec-23,CE,97,-,-,-,32,-,33.4,-,-,-,-,-,130.1
TATASTEEL,12-Dec-23,28-Dec-23,CE,98,-,-,-,31.05,-,32.4,-,-,-,-,-,130.1
TATASTEEL,12-Dec-23,28-Dec-23,CE,99,-,-,-,30.15,-,31.4,-,-,-,-,-,130.1
TATASTEEL,13-Dec-23,28-Dec-23,CE,100,30.55,30.55,30.55,30.55,30.55,31.7,1,7.18,1.68,77000,5500,131.4
TATASTEEL,13-Dec-23,28-Dec-23,CE,101,-,-,-,28.35,-,30.7,-,-,-,-,-,131.4
TATASTEEL,13-Dec-23,28-Dec-23,CE,102,-,-,-,27.5,-,29.7,-,-,-,-,-,131.4
TATASTEEL,13-Dec-23,28-Dec-23,CE,103,-,-,-,26.6,-,28.7,-,-,-,-,-,131.4
TATASTEEL,13-Dec-23,28-Dec-23,CE,104,-,-,-,25.75,-,27.7,-,-,-,-,-,131.4
TATASTEEL,13-Dec-23,28-Dec-23,CE,105,-,-,-,22.2,22.2,26.7,-,-,-,11000,-,131.4
TATASTEEL,13-Dec-23,28-Dec-23,CE,106,-,-,-,24.1,-,25.7,-,-,-,-,-,131.4
TATASTEEL,13-Dec-23,28-Dec-23,CE,107,-,-,-,23.25,-,24.7,-,-,-,-,-,131.4
TATASTEEL,13-Dec-23,28-Dec-23,CE,108,-,-,-,22.45,-,23.7,-,-,-,-,-,131.4
TATASTEEL,13-Dec-23,28-Dec-23,CE,109,-,-,-,21.65,-,22.7,-,-,-,-,-,131.4
TATASTEEL,13-Dec-23,28-Dec-23,CE,110,-,-,-,21.9,21.9,21.7,-,-,-,407000,-,131.4
TATASTEEL,13-Dec-23,28-Dec-23,CE,111,-,-,-,20.1,-,20.7,-,-,-,-,-,131.4
TATASTEEL,13-Dec-23,28-Dec-23,CE,112,-,-,-,17.75,17.75,19.7,-,-,-,5500,-,131.4
TATASTEEL,13-Dec-23,28-Dec-23,CE,113,-,-,-,18.6,-,18.7,-,-,-,-,-,131.4
TATASTEEL,13-Dec-23,28-Dec-23,CE,114,-,-,-,17.85,-,17.75,-,-,-,-,-,131.4
TATASTEEL,13-Dec-23,28-Dec-23,CE,115,-,-,-,18.2,18.2,16.75,-,-,-,836000,-,131.4
TATASTEEL,13-Dec-23,28-Dec-23,CE,116,-,-,-,11.75,11.75,15.75,-,-,-,49500,-,131.4
TATASTEEL,13-Dec-23,28-Dec-23,CE,117,-,-,-,12,12,14.75,-,-,-,11000,-,131.4
TATASTEEL,13-Dec-23,28-Dec-23,CE,118,-,-,-,12.2,12.2,13.8,-,-,-,33000,-,131.4
TATASTEEL,13-Dec-23,28-Dec-23,CE,119,-,-,-,12.05,12,12.8,-,-,-,11000,-,131.4
TATASTEEL,13-Dec-23,28-Dec-23,CE,120,12,12.2,10.35,12.15,12.1,12.15,42,303.27,26.07,1710500,-22000,131.4
TATASTEEL,13-Dec-23,28-Dec-23,CE,121,-,-,-,11.6,11.6,10.95,-,-,-,33000,-,131.4
TATASTEEL,13-Dec-23,28-Dec-23,CE,122,8.75,10.25,8.5,9.85,9.85,10,15,108.43,7.78,313500,-22000,131.4
TATASTEEL,13-Dec-23,28-Dec-23,CE,123,8.5,9.45,7.7,9.45,9.45,9.45,21,151.79,9.72,220000,-55000,131.4
TATASTEEL,13-Dec-23,28-Dec-23,CE,124,8.3,8.3,6.95,7.7,7.7,8.25,22,158.97,8.93,203500,-27500,131.4
TATASTEEL,13-Dec-23,28-Dec-23,CE,125,7.6,7.7,6.2,7.6,7.6,7.6,231,1678.96,90.83,3118500,203500,131.4
TATASTEEL,13-Dec-23,28-Dec-23,CE,126,6.5,6.85,5.4,6.8,6.75,6.8,17,123.74,5.93,825000,-16500,131.4
TATASTEEL,13-Dec-23,28-Dec-23,CE,127,5.8,6.05,4.85,6,5.95,6,31,225.87,9.33,1793000,-5500,131.4
TATASTEEL,13-Dec-23,28-Dec-23,CE,128,5.1,5.4,4.05,5.25,5.15,5.25,145,1057.96,37.16,4955500,60500,131.4
TATASTEEL,13-Dec-23,28-Dec-23,CE,129,4.65,4.8,3.55,4.6,4.6,4.6,339,2483.24,78.04,1419000,-27500,131.4
TATASTEEL,13-Dec-23,28-Dec-23,CE,130,3.95,4.25,3,4,4,4,4399,32329.26,876.41,20993500,1243000,131.4
TATASTEEL,13-Dec-23,28-Dec-23,CE,131,3.4,3.65,2.6,3.45,3.45,3.45,1940,14310.36,332.66,5016000,-88000,131.4
TATASTEEL,13-Dec-23,28-Dec-23,CE,132,2.95,3.15,2.2,2.95,2.9,2.95,2076,15378.44,306.68,16417500,181500,131.4
TATASTEEL,13-Dec-23,28-Dec-23,CE,133,2.6,2.75,1.95,2.55,2.55,2.55,1443,10740.08,184.53,4317500,-203500,131.4
TATASTEEL,13-Dec-23,28-Dec-23,CE,134,2.4,2.45,1.65,2.2,2.2,2.2,1328,9932.17,144.81,3206500,66000,131.4
TATASTEEL,13-Dec-23,28-Dec-23,CE,135,2,2.1,1.45,1.95,1.95,1.95,5433,40865.67,525.64,21945000,-572000,131.4
TATASTEEL,13-Dec-23,28-Dec-23,CE,136,1.85,1.85,1.25,1.65,1.65,1.65,1302,9844.8,105.84,2942500,-313500,131.4
TATASTEEL,13-Dec-23,28-Dec-23,CE,137,1.45,1.5,1.1,1.45,1.45,1.45,684,5202.03,48.09,2739000,220000,131.4
TATASTEEL,13-Dec-23,28-Dec-23,CE,138,1.3,1.35,0.95,1.25,1.25,1.25,441,3374.8,27.61,2574000,99000,131.4
TATASTEEL,13-Dec-23,28-Dec-23,CE,139,1.15,1.2,0.8,1.15,1.1,1.15,314,2417.81,17.28,1628000,11000,131.4
TATASTEEL,13-Dec-23,28-Dec-23,CE,140,1.05,1.1,0.75,1,1,1,4054,31422.75,206.95,22907500,588500,131.4
TATASTEEL,13-Dec-23,28-Dec-23,CE,141,0.9,1,0.7,0.9,0.85,0.9,166,1294.65,7.32,1369500,-55000,131.4
TATASTEEL,13-Dec-23,28-Dec-23,CE,142,0.75,0.85,0.55,0.8,0.75,0.8,169,1326.5,6.61,1661000,33000,131.4
TATASTEEL,13-Dec-23,28-Dec-23,CE,143,0.7,0.75,0.5,0.7,0.7,0.7,76,600.39,2.65,1116500,71500,131.4
TATASTEEL,13-Dec-23,28-Dec-23,CE,144,0.65,0.65,0.5,0.6,0.6,0.6,88,699.6,2.64,1012000,121000,131.4
TATASTEEL,13-Dec-23,28-Dec-23,CE,145,0.6,0.65,0.4,0.55,0.55,0.55,3049,24403.18,87.41,7650500,269500,131.4
TATASTEEL,13-Dec-23,28-Dec-23,CE,146,0.55,0.55,0.4,0.5,0.5,0.5,92,741.06,2.3,814000,77000,131.4
TATASTEEL,13-Dec-23,28-Dec-23,CE,147,0.45,0.5,0.35,0.45,0.45,0.45,115,932.37,2.59,1122000,-66000,131.4
TATASTEEL,13-Dec-23,28-Dec-23,CE,148,0.4,0.4,0.3,0.4,0.35,0.4,209,1704.92,3.66,1292500,324500,131.4
TATASTEEL,13-Dec-23,28-Dec-23,CE,149,0.35,0.35,0.25,0.35,0.3,0.35,311,2554.04,5.4,2095500,-60500,131.4
TATASTEEL,13-Dec-23,28-Dec-23,CE,150,0.35,0.35,0.25,0.3,0.3,0.3,1415,11696.73,22.98,5951000,-264000,131.4
TATASTEEL,13-Dec-23,28-Dec-23,CE,151,0.3,0.3,0.2,0.25,0.25,0.25,297,2470.75,4.16,1430000,93500,131.4
TATASTEEL,13-Dec-23,28-Dec-23,CE,152,0.25,0.25,0.2,0.25,0.25,0.25,142,1188.94,1.82,2854500,291500,131.4
TATASTEEL,13-Dec-23,28-Dec-23,CE,97,-,-,-,32,-,34.65,-,-,-,-,-,131.4
TATASTEEL,13-Dec-23,28-Dec-23,CE,98,-,-,-,31.05,-,33.65,-,-,-,-,-,131.4
TATASTEEL,13-Dec-23,28-Dec-23,CE,99,-,-,-,30.15,-,32.65,-,-,-,-,-,131.4
TATASTEEL,14-Dec-23,28-Dec-23,CE,100,-,-,-,30.55,30.55,32.25,-,-,-,77000,-,132
TATASTEEL,14-Dec-23,28-Dec-23,CE,101,-,-,-,28.35,-,31.25,-,-,-,-,-,132
TATASTEEL,14-Dec-23,28-Dec-23,CE,102,-,-,-,27.5,-,30.25,-,-,-,-,-,132
TATASTEEL,14-Dec-23,28-Dec-23,CE,103,-,-,-,26.6,-,29.25,-,-,-,-,-,132
TATASTEEL,14-Dec-23,28-Dec-23,CE,104,-,-,-,25.75,-,28.25,-,-,-,-,-,132
TATASTEEL,14-Dec-23,28-Dec-23,CE,105,-,-,-,22.2,22.2,27.25,-,-,-,11000,-,132
TATASTEEL,14-Dec-23,28-Dec-23,CE,106,-,-,-,24.1,-,26.25,-,-,-,-,-,132
TATASTEEL,14-Dec-23,28-Dec-23,CE,107,-,-,-,23.25,-,25.3,-,-,-,-,-,132
TATASTEEL,14-Dec-23,28-Dec-23,CE,108,-,-,-,22.45,-,24.3,-,-,-,-,-,132
TATASTEEL,14-Dec-23,28-Dec-23,CE,109,-,-,-,21.65,-,23.3,-,-,-,-,-,132
TATASTEEL,14-Dec-23,28-Dec-23,CE,110,-,-,-,21.9,21.9,22.3,-,-,-,407000,-,132
TATASTEEL,14-Dec-23,28-Dec-23,CE,111,-,-,-,20.1,-,21.3,-,-,-,-,-,132
TATASTEEL,14-Dec-23,28-Dec-23,CE,112,-,-,-,17.75,17.75,20.3,-,-,-,5500,-,132
TATASTEEL,14-Dec-23,28-Dec-23,CE,113,-,-,-,18.6,-,19.3,-,-,-,-,-,132
TATASTEEL,14-Dec-23,28-Dec-23,CE,114,-,-,-,17.85,-,18.3,-,-,-,-,-,132
TATASTEEL,14-Dec-23,28-Dec-23,CE,115,18.2,18.2,18.2,18.2,18.2,17.3,3,21.98,3,836000,-,132
TATASTEEL,14-Dec-23,28-Dec-23,CE,116,-,-,-,11.75,11.75,16.3,-,-,-,49500,-,132
TATASTEEL,14-Dec-23,28-Dec-23,CE,117,-,-,-,12,12,15.35,-,-,-,11000,-,132
TATASTEEL,14-Dec-23,28-Dec-23,CE,118,-,-,-,12.2,12.2,14.35,-,-,-,33000,-,132
TATASTEEL,14-Dec-23,28-Dec-23,CE,119,-,-,-,12.05,12,13.35,-,-,-,11000,-,132
TATASTEEL,14-Dec-23,28-Dec-23,CE,120,13,13.95,12.8,12.9,13.1,12.9,91,667.25,66.65,1534500,-176000,132
TATASTEEL,14-Dec-23,28-Dec-23,CE,121,-,-,-,11.6,11.6,11.45,-,-,-,33000,-,132
TATASTEEL,14-Dec-23,28-Dec-23,CE,122,11.7,11.8,11.05,11.05,11.05,10.5,14,102.96,9.02,308000,-5500,132
TATASTEEL,14-Dec-23,28-Dec-23,CE,123,10.7,11,10.45,10.45,10.45,9.6,3,22.06,1.77,225500,5500,132
TATASTEEL,14-Dec-23,28-Dec-23,CE,124,9.5,9.5,9.45,9.5,9.5,9.5,5,36.71,2.61,209000,5500,132
TATASTEEL,14-Dec-23,28-Dec-23,CE,125,8.55,9.45,8.1,8.55,8.6,8.55,272,2000.14,130.14,3041500,-77000,132
TATASTEEL,14-Dec-23,28-Dec-23,CE,126,7.65,8.25,7.45,7.65,7.7,7.65,30,220.63,12.73,836000,11000,132
TATASTEEL,14-Dec-23,28-Dec-23,CE,127,6.75,7.55,6.5,7,7,6.2,53,390.47,20.26,1694000,-99000,132
TATASTEEL,14-Dec-23,28-Dec-23,CE,128,5.5,6.75,5.5,6.05,6.05,6.05,254,1874.02,85.86,4713500,-242000,132
TATASTEEL,14-Dec-23,28-Dec-23,CE,129,5.1,6,4.95,5.25,5.35,5.25,257,1899.44,76.03,1232000,-187000,132
TATASTEEL,14-Dec-23,28-Dec-23,CE,130,4.3,5.25,4.1,4.65,4.6,4.65,4027,29843.69,1050.64,16527500,-4466000,132
TATASTEEL,14-Dec-23,28-Dec-23,CE,131,3.45,4.6,3.45,4,3.95,4,1471,10931.04,332.48,3052500,-1963500,132
TATASTEEL,14-Dec-23,28-Dec-23,CE,132,3.15,4,2.95,3.45,3.45,3.45,4263,31787.44,838.06,15867500,-550000,132
TATASTEEL,14-Dec-23,28-Dec-23,CE,133,2.65,3.5,2.65,3.05,3.05,3.05,3728,27910.69,640.37,6143500,1826000,132
TATASTEEL,14-Dec-23,28-Dec-23,CE,134,2.25,3.05,2.25,2.65,2.7,2.65,3036,22828.67,453.35,4246000,1039500,132
TATASTEEL,14-Dec-23,28-Dec-23,CE,135,2.15,2.7,2,2.4,2.4,2.4,15409,116455.97,2044.14,30778000,8833000,132
TATASTEEL,14-Dec-23,28-Dec-23,CE,136,1.7,2.3,1.7,2.05,2.05,2.05,1942,14744.91,218.75,3789500,847000,132
TATASTEEL,14-Dec-23,28-Dec-23,CE,137,1.45,2,1.45,1.8,1.8,1.8,1668,12729.07,160.69,3267000,528000,132
TATASTEEL,14-Dec-23,28-Dec-23,CE,138,1.35,1.75,1.3,1.55,1.6,1.55,1428,10959.18,120.66,2524500,-49500,132
TATASTEEL,14-Dec-23,28-Dec-23,CE,139,1.35,1.5,1.15,1.4,1.4,1.4,1023,7896.41,75.57,1963500,335500,132
TATASTEEL,14-Dec-23,28-Dec-23,CE,140,1.1,1.4,1,1.25,1.25,1.25,10048,78039.3,669.7,26752000,3844500,132
TATASTEEL,14-Dec-23,28-Dec-23,CE,141,1.05,1.2,0.9,1.1,1.1,1.1,592,4624.5,33.54,1848000,478500,132
TATASTEEL,14-Dec-23,28-Dec-23,CE,142,0.85,1.05,0.75,0.95,1,0.95,613,4818.35,30.82,2172500,511500,132
TATASTEEL,14-Dec-23,28-Dec-23,CE,143,0.8,0.9,0.7,0.85,0.85,0.85,237,1874.3,10.29,1204500,88000,132
TATASTEEL,14-Dec-23,28-Dec-23,CE,144,0.7,0.8,0.6,0.75,0.8,0.75,277,2204.47,10.63,1138500,126500,132
TATASTEEL,14-Dec-23,28-Dec-23,CE,145,0.65,0.7,0.5,0.65,0.65,0.65,4657,37296.09,156.52,7364500,-286000,132
TATASTEEL,14-Dec-23,28-Dec-23,CE,146,0.55,0.6,0.45,0.6,0.6,0.6,351,2829.12,10.59,1677500,863500,132
TATASTEEL,14-Dec-23,28-Dec-23,CE,147,0.55,0.55,0.4,0.5,0.55,0.5,254,2060.21,6.62,1078000,-44000,132
TATASTEEL,14-Dec-23,28-Dec-23,CE,148,0.4,0.5,0.35,0.5,0.45,0.5,151,1232.61,3.47,1204500,-88000,132
TATASTEEL,14-Dec-23,28-Dec-23,CE,149,0.35,0.45,0.3,0.4,0.35,0.4,386,3171,7.73,1903000,-192500,132
TATASTEEL,14-Dec-23,28-Dec-23,CE,150,0.35,0.4,0.25,0.35,0.35,0.35,2546,21051.13,46.63,6919000,968000,132
TATASTEEL,14-Dec-23,28-Dec-23,CE,151,0.3,0.35,0.25,0.35,0.3,0.35,312,2596.05,4.89,1292500,-137500,132
TATASTEEL,14-Dec-23,28-Dec-23,CE,152,0.25,0.3,0.2,0.3,0.25,0.3,379,3173.76,5.32,3096500,242000,132
TATASTEEL,14-Dec-23,28-Dec-23,CE,97,-,-,-,32,-,35.25,-,-,-,-,-,132
TATASTEEL,14-Dec-23,28-Dec-23,CE,98,-,-,-,31.05,-,34.25,-,-,-,-,-,132
TATASTEEL,14-Dec-23,28-Dec-23,CE,99,-,-,-,30.15,-,33.25,-,-,-,-,-,132
TATASTEEL,15-Dec-23,28-Dec-23,CE,100,-,-,-,30.55,30.55,36.7,-,-,-,77000,-,136.45
TATASTEEL,15-Dec-23,28-Dec-23,CE,101,-,-,-,28.35,-,35.7,-,-,-,-,-,136.45
TATASTEEL,15-Dec-23,28-Dec-23,CE,102,-,-,-,27.5,-,34.7,-,-,-,-,-,136.45
TATASTEEL,15-Dec-23,28-Dec-23,CE,103,-,-,-,26.6,-,33.7,-,-,-,-,-,136.45
TATASTEEL,15-Dec-23,28-Dec-23,CE,104,-,-,-,25.75,-,32.7,-,-,-,-,-,136.45
TATASTEEL,15-Dec-23,28-Dec-23,CE,105,29.2,29.75,29.2,29.75,29.75,31.7,2,14.79,3.24,16500,5500,136.45
TATASTEEL,15-Dec-23,28-Dec-23,CE,106,-,-,-,24.1,-,30.7,-,-,-,-,-,136.45
TATASTEEL,15-Dec-23,28-Dec-23,CE,107,-,-,-,23.25,-,29.7,-,-,-,-,-,136.45
TATASTEEL,15-Dec-23,28-Dec-23,CE,108,-,-,-,22.45,-,28.7,-,-,-,-,-,136.45
TATASTEEL,15-Dec-23,28-Dec-23,CE,109,-,-,-,21.65,-,27.7,-,-,-,-,-,136.45
TATASTEEL,15-Dec-23,28-Dec-23,CE,110,27.7,27.7,27.05,27.05,27.05,27.05,6,45.26,8.96,374000,-33000,136.45
TATASTEEL,15-Dec-23,28-Dec-23,CE,111,-,-,-,20.1,-,25.7,-,-,-,-,-,136.45
TATASTEEL,15-Dec-23,28-Dec-23,CE,112,-,-,-,17.75,17.75,24.7,-,-,-,5500,-,136.45
TATASTEEL,15-Dec-23,28-Dec-23,CE,113,-,-,-,18.6,-,23.7,-,-,-,-,-,136.45
TATASTEEL,15-Dec-23,28-Dec-23,CE,114,-,-,-,17.85,-,22.7,-,-,-,-,-,136.45
TATASTEEL,15-Dec-23,28-Dec-23,CE,115,19.5,22.3,19.5,22.3,22.3,22.3,73,549.68,87.95,544500,-291500,136.45
TATASTEEL,15-Dec-23,28-Dec-23,CE,116,-,-,-,11.75,11.75,20.75,-,-,-,49500,-,136.45
TATASTEEL,15-Dec-23,28-Dec-23,CE,117,-,-,-,12,12,19.75,-,-,-,11000,-,136.45
TATASTEEL,15-Dec-23,28-Dec-23,CE,118,-,-,-,12.2,12.2,18.75,-,-,-,33000,-,136.45
TATASTEEL,15-Dec-23,28-Dec-23,CE,119,-,-,-,12.05,12,17.75,-,-,-,11000,-,136.45
TATASTEEL,15-Dec-23,28-Dec-23,CE,120,14.5,17.5,14.5,17.2,17.4,17.2,196,1471.08,177.48,1012000,-522500,136.45
TATASTEEL,15-Dec-23,28-Dec-23,CE,121,-,-,-,11.6,11.6,15.75,-,-,-,33000,-,136.45
TATASTEEL,15-Dec-23,28-Dec-23,CE,122,13.4,15.25,12.75,15.25,15.25,15.25,40,300.2,31.8,154000,-154000,136.45
TATASTEEL,15-Dec-23,28-Dec-23,CE,123,12.75,13,12,12.6,12.6,13.8,15,111.62,10.14,192500,-33000,136.45
TATASTEEL,15-Dec-23,28-Dec-23,CE,124,10.65,13.2,10.65,13.2,13.2,13.2,10,74.76,6.56,176000,-33000,136.45
TATASTEEL,15-Dec-23,28-Dec-23,CE,125,9.5,12.55,9.5,12.3,12.3,12.3,271,2023.98,160.86,2238500,-803000,136.45
TATASTEEL,15-Dec-23,28-Dec-23,CE,126,9.2,11.6,8.9,11.4,11.4,11.4,28,209.87,15.83,764500,-71500,136.45
TATASTEEL,15-Dec-23,28-Dec-23,CE,127,8.2,10.45,7.9,10.35,10.35,10.35,47,352.57,24.27,1617000,-77000,136.45
TATASTEEL,15-Dec-23,28-Dec-23,CE,128,7,9.6,6.95,9.45,9.45,9.45,200,1498.95,90.95,4488000,-225500,136.45
TATASTEEL,15-Dec-23,28-Dec-23,CE,129,6.8,8.75,6.15,8.55,8.5,8.55,173,1297.25,69.82,918500,-313500,136.45
TATASTEEL,15-Dec-23,28-Dec-23,CE,130,5.3,7.95,5.2,7.6,7.6,7.6,5093,38269.46,1854.51,9652500,-6875000,136.45
TATASTEEL,15-Dec-23,28-Dec-23,CE,131,4.8,7.15,4.65,6.85,6.75,6.85,842,6324.09,257.48,1540000,-1512500,136.45
TATASTEEL,15-Dec-23,28-Dec-23,CE,132,3.95,6.35,3.9,6.05,5.9,6.05,2787,20984.65,751.03,11280500,-4587000,136.45
TATASTEEL,15-Dec-23,28-Dec-23,CE,133,3.45,5.7,3.45,5.3,5.25,5.3,2438,18409.95,575.98,3047000,-3096500,136.45
TATASTEEL,15-Dec-23,28-Dec-23,CE,134,3.2,5.05,3.05,4.7,4.6,4.7,3953,29954.51,820.9,2640000,-1606000,136.45
TATASTEEL,15-Dec-23,28-Dec-23,CE,135,2.8,4.6,2.7,4.15,4.15,4.15,29598,225404.81,5639.66,20449000,-10329000,136.45
TATASTEEL,15-Dec-23,28-Dec-23,CE,136,2.35,4,2.3,3.65,3.6,3.65,5952,45553.47,1032.52,4867500,1078000,136.45
TATASTEEL,15-Dec-23,28-Dec-23,CE,137,2.15,3.55,2.05,3.15,3.15,3.15,5688,43739.78,880.7,5153500,1886500,136.45
TATASTEEL,15-Dec-23,28-Dec-23,CE,138,1.8,3.1,1.8,2.75,2.7,2.75,3485,26924.73,473.58,3553000,1028500,136.45
TATASTEEL,15-Dec-23,28-Dec-23,CE,139,1.65,2.7,1.6,2.45,2.4,2.45,2401,18637.48,281.84,2084500,121000,136.45
TATASTEEL,15-Dec-23,28-Dec-23,CE,140,1.4,2.45,1.4,2.15,2.15,2.15,24238,189114.69,2482.09,26653000,-99000,136.45
TATASTEEL,15-Dec-23,28-Dec-23,CE,141,1.25,2.1,1.15,1.85,1.8,1.85,1735,13611.79,156.87,2029500,181500,136.45
TATASTEEL,15-Dec-23,28-Dec-23,CE,142,1.1,1.85,1.05,1.6,1.55,1.6,1748,13791.27,139.39,3085500,913000,136.45
TATASTEEL,15-Dec-23,28-Dec-23,CE,143,0.95,1.6,0.95,1.4,1.4,1.4,917,7277.32,65.12,1870000,665500,136.45
TATASTEEL,15-Dec-23,28-Dec-23,CE,144,0.85,1.4,0.8,1.25,1.2,1.25,779,6217.8,48.12,1342000,203500,136.45
TATASTEEL,15-Dec-23,28-Dec-23,CE,145,0.65,1.3,0.65,1.1,1.1,1.1,8549,68646.39,468.12,8596500,1232000,136.45
TATASTEEL,15-Dec-23,28-Dec-23,CE,146,0.65,1.1,0.6,0.95,0.95,0.95,822,6639.12,38.46,753500,-924000,136.45
TATASTEEL,15-Dec-23,28-Dec-23,CE,147,0.6,1,0.55,0.85,0.85,0.85,521,4234.14,21.86,1083500,5500,136.45
TATASTEEL,15-Dec-23,28-Dec-23,CE,148,0.5,0.9,0.5,0.75,0.75,0.75,1867,15269.01,71.63,2898500,1694000,136.45
TATASTEEL,15-Dec-23,28-Dec-23,CE,149,0.45,0.75,0.4,0.65,0.65,0.65,761,6260.51,24.11,1892000,-11000,136.45
TATASTEEL,15-Dec-23,28-Dec-23,CE,150,0.35,0.7,0.35,0.6,0.65,0.6,9534,78922.38,266.88,9658000,2739000,136.45
TATASTEEL,15-Dec-23,28-Dec-23,CE,151,0.35,0.6,0.3,0.55,0.5,0.55,955,7953.48,22.2,1342000,49500,136.45
TATASTEEL,15-Dec-23,28-Dec-23,CE,152,0.3,0.55,0.25,0.45,0.45,0.45,1200,10056.31,24.31,3525500,429000,136.45
TATASTEEL,15-Dec-23,28-Dec-23,CE,97,-,-,-,32,-,39.7,-,-,-,-,-,136.45
TATASTEEL,15-Dec-23,28-Dec-23,CE,98,-,-,-,31.05,-,38.7,-,-,-,-,-,136.45
TATASTEEL,15-Dec-23,28-Dec-23,CE,99,-,-,-,30.15,-,37.7,-,-,-,-,-,136.45
TATASTEEL,18-Dec-23,28-Dec-23,CE,100,-,-,-,30.55,30.55,36.8,-,-,-,77000,-,136.6
TATASTEEL,18-Dec-23,28-Dec-23,CE,101,-,-,-,28.35,-,35.8,-,-,-,-,-,136.6
TATASTEEL,18-Dec-23,28-Dec-23,CE,102,-,-,-,27.5,-,34.8,-,-,-,-,-,136.6
TATASTEEL,18-Dec-23,28-Dec-23,CE,103,-,-,-,26.6,-,33.8,-,-,-,-,-,136.6
TATASTEEL,18-Dec-23,28-Dec-23,CE,104,-,-,-,25.75,-,32.8,-,-,-,-,-,136.6
TATASTEEL,18-Dec-23,28-Dec-23,CE,105,-,-,-,29.75,29.75,31.8,-,-,-,16500,-,136.6
TATASTEEL,18-Dec-23,28-Dec-23,CE,106,-,-,-,24.1,-,30.8,-,-,-,-,-,136.6
TATASTEEL,18-Dec-23,28-Dec-23,CE,107,-,-,-,23.25,-,29.8,-,-,-,-,-,136.6
TATASTEEL,18-Dec-23,28-Dec-23,CE,108,-,-,-,22.45,-,28.8,-,-,-,-,-,136.6
TATASTEEL,18-Dec-23,28-Dec-23,CE,109,-,-,-,21.65,-,27.8,-,-,-,-,-,136.6
TATASTEEL,18-Dec-23,28-Dec-23,CE,110,27.3,27.3,26.85,26.85,26.85,26.8,3,22.63,4.48,374000,-,136.6
TATASTEEL,18-Dec-23,28-Dec-23,CE,111,-,-,-,20.1,-,25.8,-,-,-,-,-,136.6
TATASTEEL,18-Dec-23,28-Dec-23,CE,112,-,-,-,17.75,17.75,24.8,-,-,-,5500,-,136.6
TATASTEEL,18-Dec-23,28-Dec-23,CE,113,-,-,-,18.6,-,23.8,-,-,-,-,-,136.6
TATASTEEL,18-Dec-23,28-Dec-23,CE,114,-,-,-,17.85,-,22.8,-,-,-,-,-,136.6
TATASTEEL,18-Dec-23,28-Dec-23,CE,115,22.25,22.25,21.75,21.75,21.75,21.8,2,15.07,2.42,539000,-5500,136.6
TATASTEEL,18-Dec-23,28-Dec-23,CE,116,-,-,-,11.75,11.75,20.8,-,-,-,49500,-,136.6
TATASTEEL,18-Dec-23,28-Dec-23,CE,117,-,-,-,12,12,19.8,-,-,-,11000,-,136.6
TATASTEEL,18-Dec-23,28-Dec-23,CE,118,-,-,-,12.2,12.2,18.8,-,-,-,33000,-,136.6
TATASTEEL,18-Dec-23,28-Dec-23,CE,119,-,-,-,12.05,12,17.8,-,-,-,11000,-,136.6
TATASTEEL,18-Dec-23,28-Dec-23,CE,120,17.5,18.05,16.95,17.4,17.4,16.8,26,196.68,25.08,946000,-66000,136.6
TATASTEEL,18-Dec-23,28-Dec-23,CE,121,15.7,15.7,15.7,15.7,15.7,15.85,1,7.52,0.86,33000,-,136.6
TATASTEEL,18-Dec-23,28-Dec-23,CE,122,-,-,-,15.25,15.25,14.85,-,-,-,154000,-,136.6
TATASTEEL,18-Dec-23,28-Dec-23,CE,123,13.05,14.5,13.05,14.5,14.5,13.85,2,15.05,1.52,181500,-11000,136.6
TATASTEEL,18-Dec-23,28-Dec-23,CE,124,13.5,13.55,13.45,13.45,13.45,12.85,3,22.69,2.23,170500,-5500,136.6
TATASTEEL,18-Dec-23,28-Dec-23,CE,125,11.25,13,11.25,12.5,12.55,12.5,122,923.02,84.27,1930500,-308000,136.6
TATASTEEL,18-Dec-23,28-Dec-23,CE,126,10.7,11.7,10.7,11.15,11.15,10.9,4,30.17,2.45,764500,-,136.6
TATASTEEL,18-Dec-23,28-Dec-23,CE,127,9.8,11.05,9.2,10.5,10.5,10.5,23,173.85,13.19,1589500,-27500,136.6
TATASTEEL,18-Dec-23,28-Dec-23,CE,128,9.1,10.1,8.15,9.45,9.4,9.45,67,506.43,34.75,4339500,-148500,136.6
TATASTEEL,18-Dec-23,28-Dec-23,CE,129,7.4,9.3,7.15,8.9,8.9,8.1,46,348.34,21.97,803000,-115500,136.6
TATASTEEL,18-Dec-23,28-Dec-23,CE,130,7.9,8.45,6.25,7.6,7.6,7.6,795,6015.92,331.67,8888000,-764500,136.6
TATASTEEL,18-Dec-23,28-Dec-23,CE,131,6.9,7.5,5.6,6.85,6.8,6.85,289,2188.46,106.22,1523500,-16500,136.6
TATASTEEL,18-Dec-23,28-Dec-23,CE,132,5.05,6.75,4.8,6,5.9,6,406,3082,134.44,10862500,-418000,136.6
TATASTEEL,18-Dec-23,28-Dec-23,CE,133,5.3,6.05,4.25,5.25,5.25,5.25,448,3406.01,128.89,2662000,-385000,136.6
TATASTEEL,18-Dec-23,28-Dec-23,CE,134,4.55,5.4,3.75,4.7,4.6,4.7,642,4897.2,165.66,2370500,-269500,136.6
TATASTEEL,18-Dec-23,28-Dec-23,CE,135,4.05,4.85,3.25,4.15,4.05,4.15,5056,38707.32,1166.52,20058500,-390500,136.6
TATASTEEL,18-Dec-23,28-Dec-23,CE,136,3.75,4.25,2.85,3.6,3.5,3.6,2291,17599.36,462.68,5142500,275000,136.6
TATASTEEL,18-Dec-23,28-Dec-23,CE,137,3.15,3.75,2.45,3.15,3.15,3.15,4529,34932.74,806.72,5857500,704000,136.6
TATASTEEL,18-Dec-23,28-Dec-23,CE,138,2.8,3.3,2.15,2.7,2.6,2.7,3559,27577.71,564.9,4499000,946000,136.6
TATASTEEL,18-Dec-23,28-Dec-23,CE,139,2.5,2.95,1.9,2.4,2.35,2.4,2125,16539.84,294.21,2717000,632500,136.6
TATASTEEL,18-Dec-23,28-Dec-23,CE,140,2.15,2.65,1.65,2.15,2.1,2.15,13298,104027.7,1633.1,29144500,2491500,136.6
TATASTEEL,18-Dec-23,28-Dec-23,CE,141,1.9,2.3,1.45,1.85,1.8,1.85,1541,12114.28,163.82,2563000,533500,136.6
TATASTEEL,18-Dec-23,28-Dec-23,CE,142,1.6,2,1.25,1.55,1.55,1.55,1302,10290.34,121.72,3239500,154000,136.6
TATASTEEL,18-Dec-23,28-Dec-23,CE,143,1.4,1.75,1.1,1.4,1.35,1.4,1050,8344.85,86.6,1485000,-385000,136.6
TATASTEEL,18-Dec-23,28-Dec-23,CE,144,1.3,1.55,1,1.2,1.2,1.2,847,6770.37,62.13,1347500,5500,136.6
TATASTEEL,18-Dec-23,28-Dec-23,CE,145,1.1,1.4,0.9,1.1,1.05,1.1,7309,58753.9,464.62,10659000,2062500,136.6
TATASTEEL,18-Dec-23,28-Dec-23,CE,146,1,1.25,0.75,0.95,0.9,0.95,593,4795.33,33.54,1061500,308000,136.6
TATASTEEL,18-Dec-23,28-Dec-23,CE,147,0.85,1.1,0.7,0.85,0.8,0.85,488,3969.88,24.4,1325500,242000,136.6
TATASTEEL,18-Dec-23,28-Dec-23,CE,148,0.8,1,0.6,0.75,0.75,0.75,722,5908.47,31.39,2304500,-594000,136.6
TATASTEEL,18-Dec-23,28-Dec-23,CE,149,0.65,0.85,0.55,0.7,0.65,0.7,416,3426.06,16.94,1963500,71500,136.6
TATASTEEL,18-Dec-23,28-Dec-23,CE,150,0.6,0.8,0.45,0.65,0.6,0.65,7768,64364.79,278.8,11566500,1908500,136.6
TATASTEEL,18-Dec-23,28-Dec-23,CE,151,0.55,0.7,0.45,0.55,0.55,0.55,463,3859.72,14.5,1474000,132000,136.6
TATASTEEL,18-Dec-23,28-Dec-23,CE,152,0.5,0.6,0.4,0.5,0.5,0.5,720,6039.46,20.26,3575000,49500,136.6
TATASTEEL,18-Dec-23,28-Dec-23,CE,153,0.5,0.55,0.4,0.45,0.4,0.45,64,540.27,1.71,181500,181500,136.6
TATASTEEL,18-Dec-23,28-Dec-23,CE,154,0.35,0.5,0.35,0.4,0.4,0.4,59,501.13,1.4,132000,132000,136.6
TATASTEEL,18-Dec-23,28-Dec-23,CE,155,0.3,0.45,0.3,0.35,0.35,0.35,762,6511.35,15.3,1204500,1204500,136.6
TATASTEEL,18-Dec-23,28-Dec-23,CE,156,0.3,0.4,0.3,0.35,0.35,0.35,275,2365.08,5.58,946000,946000,136.6
TATASTEEL,18-Dec-23,28-Dec-23,CE,97,-,-,-,32,-,39.8,-,-,-,-,-,136.6
TATASTEEL,18-Dec-23,28-Dec-23,CE,98,-,-,-,31.05,-,38.8,-,-,-,-,-,136.6
TATASTEEL,18-Dec-23,28-Dec-23,CE,99,-,-,-,30.15,-,37.8,-,-,-,-,-,136.6
TATASTEEL,19-Dec-23,28-Dec-23,CE,100,-,-,-,30.55,30.55,35.55,-,-,-,77000,-,135.4
TATASTEEL,19-Dec-23,28-Dec-23,CE,101,-,-,-,28.35,-,34.55,-,-,-,-,-,135.4
TATASTEEL,19-Dec-23,28-Dec-23,CE,102,-,-,-,27.5,-,33.55,-,-,-,-,-,135.4
TATASTEEL,19-Dec-23,28-Dec-23,CE,103,-,-,-,26.6,-,32.55,-,-,-,-,-,135.4
TATASTEEL,19-Dec-23,28-Dec-23,CE,104,-,-,-,25.75,-,31.55,-,-,-,-,-,135.4
TATASTEEL,19-Dec-23,28-Dec-23,CE,105,-,-,-,29.75,29.75,30.55,-,-,-,16500,-,135.4
TATASTEEL,19-Dec-23,28-Dec-23,CE,106,-,-,-,24.1,-,29.6,-,-,-,-,-,135.4
TATASTEEL,19-Dec-23,28-Dec-23,CE,107,-,-,-,23.25,-,28.6,-,-,-,-,-,135.4
TATASTEEL,19-Dec-23,28-Dec-23,CE,108,-,-,-,22.45,-,27.6,-,-,-,-,-,135.4
TATASTEEL,19-Dec-23,28-Dec-23,CE,109,-,-,-,21.65,-,26.6,-,-,-,-,-,135.4
TATASTEEL,19-Dec-23,28-Dec-23,CE,110,-,-,-,26.85,26.85,25.6,-,-,-,374000,-,135.4
TATASTEEL,19-Dec-23,28-Dec-23,CE,111,-,-,-,20.1,-,24.6,-,-,-,-,-,135.4
TATASTEEL,19-Dec-23,28-Dec-23,CE,112,-,-,-,17.75,17.75,23.6,-,-,-,5500,-,135.4
TATASTEEL,19-Dec-23,28-Dec-23,CE,113,-,-,-,18.6,-,22.6,-,-,-,-,-,135.4
TATASTEEL,19-Dec-23,28-Dec-23,CE,114,-,-,-,17.85,-,21.6,-,-,-,-,-,135.4
TATASTEEL,19-Dec-23,28-Dec-23,CE,115,21.1,21.1,20.25,20.25,20.25,20.6,2,14.92,2.27,528000,-11000,135.4
TATASTEEL,19-Dec-23,28-Dec-23,CE,116,-,-,-,11.75,11.75,19.6,-,-,-,49500,-,135.4
TATASTEEL,19-Dec-23,28-Dec-23,CE,117,-,-,-,12,12,18.6,-,-,-,11000,-,135.4
TATASTEEL,19-Dec-23,28-Dec-23,CE,118,-,-,-,12.2,12.2,17.6,-,-,-,33000,-,135.4
TATASTEEL,19-Dec-23,28-Dec-23,CE,119,-,-,-,12.05,12,16.6,-,-,-,11000,-,135.4
TATASTEEL,19-Dec-23,28-Dec-23,CE,120,17.6,17.6,15.4,15.7,15.65,15.7,30,224.9,26.9,814000,-132000,135.4
TATASTEEL,19-Dec-23,28-Dec-23,CE,121,-,-,-,15.7,15.7,14.6,-,-,-,33000,-,135.4
TATASTEEL,19-Dec-23,28-Dec-23,CE,122,-,-,-,15.25,15.25,13.6,-,-,-,154000,-,135.4
TATASTEEL,19-Dec-23,28-Dec-23,CE,123,-,-,-,14.5,14.5,12.65,-,-,-,181500,-,135.4
TATASTEEL,19-Dec-23,28-Dec-23,CE,124,12.1,12.1,12.1,12.1,12.1,11.65,2,14.97,1.33,159500,-11000,135.4
TATASTEEL,19-Dec-23,28-Dec-23,CE,125,12.5,12.95,10.45,10.7,10.6,10.7,148,1111.86,94.36,1441000,-489500,135.4
TATASTEEL,19-Dec-23,28-Dec-23,CE,126,12.05,12.05,9.9,9.95,9.95,9.95,10,75.19,5.89,731500,-33000,135.4
TATASTEEL,19-Dec-23,28-Dec-23,CE,127,11.1,11.1,8.65,9.45,9.45,8.75,29,217.92,15.35,1523500,-66000,135.4
TATASTEEL,19-Dec-23,28-Dec-23,CE,128,9.65,9.7,7.65,7.85,7.7,7.85,225,1688.39,104.39,3476000,-863500,135.4
TATASTEEL,19-Dec-23,28-Dec-23,CE,129,9,9,6.8,7.05,7,7.05,51,382.88,21.04,704000,-99000,135.4
TATASTEEL,19-Dec-23,28-Dec-23,CE,130,7.65,8.35,5.75,6.05,5.95,6.05,564,4237.8,205.2,8431500,-456500,135.4
TATASTEEL,19-Dec-23,28-Dec-23,CE,131,6.65,7.5,5,5.2,5.15,5.2,116,872.9,37.12,1600500,77000,135.4
TATASTEEL,19-Dec-23,28-Dec-23,CE,132,6,6.6,4.15,4.45,4.35,4.45,523,3936.6,139.62,11038500,176000,135.4
TATASTEEL,19-Dec-23,28-Dec-23,CE,133,5.5,5.9,3.6,3.85,3.75,3.85,358,2703.84,85.07,2541000,-121000,135.4
TATASTEEL,19-Dec-23,28-Dec-23,CE,134,4.9,5.25,3.1,3.3,3.25,3.3,504,3818.52,104.04,2233000,-137500,135.4
TATASTEEL,19-Dec-23,28-Dec-23,CE,135,4.2,4.65,2.6,2.8,2.65,2.8,5061,38493.71,915.79,18755000,-1303500,135.4
TATASTEEL,19-Dec-23,28-Dec-23,CE,136,3.75,4.05,2.2,2.4,2.3,2.4,2232,17039.4,344.04,5192000,49500,135.4
TATASTEEL,19-Dec-23,28-Dec-23,CE,137,3.25,3.6,1.9,2.05,2,2.05,2771,21260.75,381.26,6501000,643500,135.4
TATASTEEL,19-Dec-23,28-Dec-23,CE,138,2.75,3.1,1.6,1.75,1.7,1.75,2089,16102.68,247.17,4587000,88000,135.4
TATASTEEL,19-Dec-23,28-Dec-23,CE,139,2.5,2.65,1.35,1.5,1.45,1.5,1097,8498.66,112.1,2662000,-55000,135.4
TATASTEEL,19-Dec-23,28-Dec-23,CE,140,2.15,2.4,1.2,1.3,1.3,1.3,9367,72941.87,815.97,30360000,1215500,135.4
TATASTEEL,19-Dec-23,28-Dec-23,CE,141,1.95,2.05,1,1.1,1.05,1.1,1163,9107.66,88.6,2898500,335500,135.4
TATASTEEL,19-Dec-23,28-Dec-23,CE,142,1.75,1.8,0.85,0.95,0.9,0.95,783,6167.45,52.22,3234000,-5500,135.4
TATASTEEL,19-Dec-23,28-Dec-23,CE,143,1.45,1.5,0.75,0.85,0.75,0.85,421,3335.98,24.81,1463000,-22000,135.4
TATASTEEL,19-Dec-23,28-Dec-23,CE,144,1.3,1.35,0.65,0.75,0.65,0.75,294,2342.97,14.49,1413500,66000,135.4
TATASTEEL,19-Dec-23,28-Dec-23,CE,145,1.1,1.25,0.6,0.65,0.6,0.65,3897,31250.96,172.38,11709500,1050500,135.4
TATASTEEL,19-Dec-23,28-Dec-23,CE,146,1,1.1,0.5,0.55,0.5,0.55,384,3097.53,14.01,1468500,407000,135.4
TATASTEEL,19-Dec-23,28-Dec-23,CE,147,0.9,0.9,0.45,0.5,0.5,0.5,178,1445.06,5.93,1441000,115500,135.4
TATASTEEL,19-Dec-23,28-Dec-23,CE,148,0.75,0.85,0.45,0.45,0.45,0.45,348,2843.87,11.15,2084500,-220000,135.4
TATASTEEL,19-Dec-23,28-Dec-23,CE,149,0.7,0.75,0.4,0.4,0.4,0.4,198,1628.22,5.61,2024000,60500,135.4
TATASTEEL,19-Dec-23,28-Dec-23,CE,150,0.65,0.7,0.35,0.4,0.35,0.4,3648,30189.57,93.57,12210000,643500,135.4
TATASTEEL,19-Dec-23,28-Dec-23,CE,151,0.6,0.6,0.3,0.35,0.3,0.35,391,3256.28,9.03,1474000,-,135.4
TATASTEEL,19-Dec-23,28-Dec-23,CE,152,0.5,0.55,0.25,0.3,0.3,0.3,413,3460.92,8.24,3509000,-66000,135.4
TATASTEEL,19-Dec-23,28-Dec-23,CE,153,0.4,0.4,0.25,0.25,0.25,0.25,33,278.24,0.55,198000,16500,135.4
TATASTEEL,19-Dec-23,28-Dec-23,CE,154,0.45,0.45,0.25,0.25,0.25,0.25,34,288.63,0.65,187000,55000,135.4
TATASTEEL,19-Dec-23,28-Dec-23,CE,155,0.4,0.4,0.2,0.25,0.25,0.25,624,5328.66,9.06,1611500,407000,135.4
TATASTEEL,19-Dec-23,28-Dec-23,CE,156,0.35,0.35,0.2,0.2,0.2,0.2,143,1228.79,1.85,1248500,302500,135.4
TATASTEEL,19-Dec-23,28-Dec-23,CE,157,0.3,0.3,0.2,0.2,0.2,0.05,44,380.49,0.55,231000,231000,135.4
TATASTEEL,19-Dec-23,28-Dec-23,CE,97,-,-,-,32,-,38.55,-,-,-,-,-,135.4
TATASTEEL,19-Dec-23,28-Dec-23,CE,98,-,-,-,31.05,-,37.55,-,-,-,-,-,135.4
TATASTEEL,19-Dec-23,28-Dec-23,CE,99,-,-,-,30.15,-,36.55,-,-,-,-,-,135.4
TATASTEEL,20-Dec-23,28-Dec-23,CE,100,-,-,-,30.55,30.55,29.9,-,-,-,77000,-,129.75
TATASTEEL,20-Dec-23,28-Dec-23,CE,101,-,-,-,28.35,-,28.9,-,-,-,-,-,129.75
TATASTEEL,20-Dec-23,28-Dec-23,CE,102,-,-,-,27.5,-,27.9,-,-,-,-,-,129.75
TATASTEEL,20-Dec-23,28-Dec-23,CE,103,-,-,-,26.6,-,26.9,-,-,-,-,-,129.75
TATASTEEL,20-Dec-23,28-Dec-23,CE,104,-,-,-,25.75,-,25.9,-,-,-,-,-,129.75
TATASTEEL,20-Dec-23,28-Dec-23,CE,105,28.6,28.6,28.6,28.6,28.6,24.9,1,7.35,1.57,11000,-5500,129.75
TATASTEEL,20-Dec-23,28-Dec-23,CE,106,-,-,-,24.1,-,23.9,-,-,-,-,-,129.75
TATASTEEL,20-Dec-23,28-Dec-23,CE,107,-,-,-,23.25,-,22.9,-,-,-,-,-,129.75
TATASTEEL,20-Dec-23,28-Dec-23,CE,108,-,-,-,22.45,-,21.9,-,-,-,-,-,129.75
TATASTEEL,20-Dec-23,28-Dec-23,CE,109,-,-,-,21.65,-,20.9,-,-,-,-,-,129.75
TATASTEEL,20-Dec-23,28-Dec-23,CE,110,22.5,22.5,22.5,22.5,22.5,19.9,1,7.29,1.24,368500,-5500,129.75
TATASTEEL,20-Dec-23,28-Dec-23,CE,111,-,-,-,20.1,-,18.9,-,-,-,-,-,129.75
TATASTEEL,20-Dec-23,28-Dec-23,CE,112,-,-,-,17.75,17.75,17.9,-,-,-,5500,-,129.75
TATASTEEL,20-Dec-23,28-Dec-23,CE,113,-,-,-,18.6,-,16.9,-,-,-,-,-,129.75
TATASTEEL,20-Dec-23,28-Dec-23,CE,114,-,-,-,17.85,-,15.9,-,-,-,-,-,129.75
TATASTEEL,20-Dec-23,28-Dec-23,CE,115,20.6,20.6,16.6,16.6,16.6,14.9,5,36.52,4.89,506000,-22000,129.75
TATASTEEL,20-Dec-23,28-Dec-23,CE,116,-,-,-,11.75,11.75,13.95,-,-,-,49500,-,129.75
TATASTEEL,20-Dec-23,28-Dec-23,CE,117,-,-,-,12,12,12.95,-,-,-,11000,-,129.75
TATASTEEL,20-Dec-23,28-Dec-23,CE,118,-,-,-,12.2,12.2,11.95,-,-,-,33000,-,129.75
TATASTEEL,20-Dec-23,28-Dec-23,CE,119,-,-,-,12.05,12,10.95,-,-,-,11000,-,129.75
TATASTEEL,20-Dec-23,28-Dec-23,CE,120,15.8,15.8,9.3,10.05,9.3,10.05,38,276.54,25.74,731500,-82500,129.75
TATASTEEL,20-Dec-23,28-Dec-23,CE,121,-,-,-,15.7,15.7,9,-,-,-,33000,-,129.75
TATASTEEL,20-Dec-23,28-Dec-23,CE,122,-,-,-,15.25,15.25,8.05,-,-,-,154000,-,129.75
TATASTEEL,20-Dec-23,28-Dec-23,CE,123,8.95,9.25,6.65,7.05,6.65,7.05,9,64.75,3.86,165000,-16500,129.75
TATASTEEL,20-Dec-23,28-Dec-23,CE,124,7.7,8.35,5.7,6.3,5.7,6.3,21,150.91,7.69,181500,22000,129.75
TATASTEEL,20-Dec-23,28-Dec-23,CE,125,10.7,11,4.9,5.4,4.9,5.4,192,1396.98,76.98,1600500,159500,129.75
TATASTEEL,20-Dec-23,28-Dec-23,CE,126,9.95,9.95,4.1,4.65,4.15,4.65,48,348.77,16.13,720500,-11000,129.75
TATASTEEL,20-Dec-23,28-Dec-23,CE,127,9.05,9.3,3.45,3.9,3.45,3.9,75,544.55,20.68,1523500,-,129.75
TATASTEEL,20-Dec-23,28-Dec-23,CE,128,7.95,8.35,2.6,3.1,2.6,3.1,351,2578.32,107.28,2590500,-885500,129.75
TATASTEEL,20-Dec-23,28-Dec-23,CE,129,7.15,7.3,2.05,2.4,2.1,2.4,145,1055.82,27.04,742500,38500,129.75
TATASTEEL,20-Dec-23,28-Dec-23,CE,130,6.2,6.6,1.65,1.95,1.7,1.95,2439,17876.94,438.09,9014500,583000,129.75
TATASTEEL,20-Dec-23,28-Dec-23,CE,131,5.6,5.6,1.25,1.55,1.35,1.55,1306,9564.08,154.35,2442000,841500,129.75
TATASTEEL,20-Dec-23,28-Dec-23,CE,132,4.6,4.85,1,1.25,1,1.25,2950,21728.61,311.61,13079000,2040500,129.75
TATASTEEL,20-Dec-23,28-Dec-23,CE,133,3.95,4.25,0.9,1.05,0.9,1.05,3664,27128.95,326.79,3641000,1100000,129.75
TATASTEEL,20-Dec-23,28-Dec-23,CE,134,3.4,3.55,0.75,0.9,0.8,0.9,3294,24555.7,278.92,3927000,1694000,129.75
TATASTEEL,20-Dec-23,28-Dec-23,CE,135,3,3.1,0.7,0.8,0.75,0.8,11403,85647.49,980.22,23056000,4301000,129.75
TATASTEEL,20-Dec-23,28-Dec-23,CE,136,2.35,2.65,0.6,0.7,0.7,0.7,4096,30977.89,339.81,7221500,2029500,129.75
TATASTEEL,20-Dec-23,28-Dec-23,CE,137,2.1,2.25,0.55,0.6,0.55,0.6,3684,28022.07,263.13,6495500,-5500,129.75
TATASTEEL,20-Dec-23,28-Dec-23,CE,138,1.75,1.85,0.5,0.55,0.5,0.55,2691,20583.67,158.98,4724500,137500,129.75
TATASTEEL,20-Dec-23,28-Dec-23,CE,139,1.5,1.6,0.45,0.5,0.5,0.5,1489,11460.47,77.06,2469500,-192500,129.75
TATASTEEL,20-Dec-23,28-Dec-23,CE,140,1.3,1.45,0.4,0.45,0.4,0.45,13960,108112.55,620.55,26642000,-3718000,129.75
TATASTEEL,20-Dec-23,28-Dec-23,CE,141,1.1,1.2,0.35,0.4,0.35,0.4,1393,10857.97,55.25,2601500,-297000,129.75
TATASTEEL,20-Dec-23,28-Dec-23,CE,142,0.95,1.05,0.3,0.35,0.3,0.35,1183,9277.84,38.61,3190000,-44000,129.75
TATASTEEL,20-Dec-23,28-Dec-23,CE,143,0.85,0.9,0.25,0.3,0.3,0.3,741,5847.47,19.51,1633500,170500,129.75
TATASTEEL,20-Dec-23,28-Dec-23,CE,144,0.75,0.8,0.25,0.3,0.3,0.3,597,4743.13,14.89,1254000,-159500,129.75
TATASTEEL,20-Dec-23,28-Dec-23,CE,145,0.65,0.7,0.2,0.25,0.2,0.25,4742,37920.04,102.59,11286000,-423500,129.75
TATASTEEL,20-Dec-23,28-Dec-23,CE,146,0.6,0.6,0.15,0.25,0.2,0.25,489,3935.29,8.62,1441000,-27500,129.75
TATASTEEL,20-Dec-23,28-Dec-23,CE,147,0.55,0.55,0.15,0.2,0.2,0.2,413,3344.96,5.86,1331000,-110000,129.75
TATASTEEL,20-Dec-23,28-Dec-23,CE,148,0.45,0.45,0.1,0.2,0.15,0.2,552,4501.75,8.47,1485000,-599500,129.75
TATASTEEL,20-Dec-23,28-Dec-23,CE,149,0.4,0.4,0.15,0.15,0.15,0.15,386,3168.57,5.3,1870000,-154000,129.75
TATASTEEL,20-Dec-23,28-Dec-23,CE,150,0.4,0.4,0.15,0.2,0.15,0.2,3884,32098.4,55.4,10725000,-1485000,129.75
TATASTEEL,20-Dec-23,28-Dec-23,CE,151,0.35,0.35,0.1,0.15,0.15,0.15,475,3949.75,4.88,1661000,187000,129.75
TATASTEEL,20-Dec-23,28-Dec-23,CE,152,0.3,0.3,0.1,0.15,0.15,0.15,448,3749.6,4.32,3553000,44000,129.75
TATASTEEL,20-Dec-23,28-Dec-23,CE,153,0.25,0.3,0.1,0.15,0.15,0.15,64,539.15,0.59,236500,38500,129.75
TATASTEEL,20-Dec-23,28-Dec-23,CE,154,0.25,0.25,0.1,0.1,0.1,0.1,47,398.48,0.39,165000,-22000,129.75
TATASTEEL,20-Dec-23,28-Dec-23,CE,155,0.25,0.25,0.05,0.1,0.05,0.1,550,4692.83,4.08,1045000,-566500,129.75
TATASTEEL,20-Dec-23,28-Dec-23,CE,156,0.2,0.2,0.1,0.1,0.1,0.05,242,2077.96,1.6,676500,-572000,129.75
TATASTEEL,20-Dec-23,28-Dec-23,CE,157,0.15,0.2,0.05,0.1,0.1,0.1,84,725.85,0.51,286000,55000,129.75
TATASTEEL,20-Dec-23,28-Dec-23,CE,97,-,-,-,32,-,32.9,-,-,-,-,-,129.75
TATASTEEL,20-Dec-23,28-Dec-23,CE,98,-,-,-,31.05,-,31.9,-,-,-,-,-,129.75
TATASTEEL,20-Dec-23,28-Dec-23,CE,99,-,-,-,30.15,-,30.9,-,-,-,-,-,129.75
TATASTEEL,21-Dec-23,28-Dec-23,CE,100,-,-,-,30.55,30.55,31.15,-,-,-,77000,-,131
TATASTEEL,21-Dec-23,28-Dec-23,CE,101,-,-,-,28.35,-,30.15,-,-,-,-,-,131
TATASTEEL,21-Dec-23,28-Dec-23,CE,102,-,-,-,27.5,-,29.15,-,-,-,-,-,131
TATASTEEL,21-Dec-23,28-Dec-23,CE,103,-,-,-,26.6,-,28.15,-,-,-,-,-,131
TATASTEEL,21-Dec-23,28-Dec-23,CE,104,-,-,-,25.75,-,27.15,-,-,-,-,-,131
TATASTEEL,21-Dec-23,28-Dec-23,CE,105,-,-,-,28.6,28.6,26.15,-,-,-,11000,-,131
TATASTEEL,21-Dec-23,28-Dec-23,CE,106,-,-,-,24.1,-,25.15,-,-,-,-,-,131
TATASTEEL,21-Dec-23,28-Dec-23,CE,107,-,-,-,23.25,-,24.15,-,-,-,-,-,131
TATASTEEL,21-Dec-23,28-Dec-23,CE,108,-,-,-,22.45,-,23.15,-,-,-,-,-,131
TATASTEEL,21-Dec-23,28-Dec-23,CE,109,-,-,-,21.65,-,22.15,-,-,-,-,-,131
TATASTEEL,21-Dec-23,28-Dec-23,CE,110,-,-,-,22.5,22.5,21.15,-,-,-,368500,-,131
TATASTEEL,21-Dec-23,28-Dec-23,CE,111,-,-,-,20.1,-,20.15,-,-,-,-,-,131
TATASTEEL,21-Dec-23,28-Dec-23,CE,112,-,-,-,17.75,17.75,19.15,-,-,-,5500,-,131
TATASTEEL,21-Dec-23,28-Dec-23,CE,113,-,-,-,18.6,-,18.15,-,-,-,-,-,131
TATASTEEL,21-Dec-23,28-Dec-23,CE,114,-,-,-,17.85,-,17.15,-,-,-,-,-,131
TATASTEEL,21-Dec-23,28-Dec-23,CE,115,15.5,15.5,15.5,15.5,15.5,16.15,1,7.18,0.85,500500,-5500,131
TATASTEEL,21-Dec-23,28-Dec-23,CE,116,-,-,-,11.75,11.75,15.15,-,-,-,49500,-,131
TATASTEEL,21-Dec-23,28-Dec-23,CE,117,-,-,-,12,12,14.15,-,-,-,11000,-,131
TATASTEEL,21-Dec-23,28-Dec-23,CE,118,-,-,-,12.2,12.2,13.15,-,-,-,33000,-,131
TATASTEEL,21-Dec-23,28-Dec-23,CE,119,-,-,-,12.05,12,12.15,-,-,-,11000,-,131
TATASTEEL,21-Dec-23,28-Dec-23,CE,120,8.8,11.5,8.75,11.4,11.4,11.4,48,343.9,27.1,682000,-49500,131
TATASTEEL,21-Dec-23,28-Dec-23,CE,121,-,-,-,15.7,15.7,10.2,-,-,-,33000,-,131
TATASTEEL,21-Dec-23,28-Dec-23,CE,122,6.9,8.95,6.9,7.8,7.8,9.2,21,150.33,9.42,143000,-11000,131
TATASTEEL,21-Dec-23,28-Dec-23,CE,123,6.25,8.15,6.25,7.8,7.8,8.25,36,258.02,14.48,148500,-16500,131
TATASTEEL,21-Dec-23,28-Dec-23,CE,124,5.55,7.6,5.5,7.6,7.6,7.6,43,309.02,15.76,198000,16500,131
TATASTEEL,21-Dec-23,28-Dec-23,CE,125,4.1,6.75,4.1,6.6,6.7,6.6,226,1622.6,68.85,1485000,-115500,131
TATASTEEL,21-Dec-23,28-Dec-23,CE,126,3.75,5.8,3.65,5.65,5.75,5.65,93,668.78,24.29,770000,49500,131
TATASTEEL,21-Dec-23,28-Dec-23,CE,127,2.9,4.95,2.85,4.75,4.95,4.75,726,5222.44,151.33,2376000,852500,131
TATASTEEL,21-Dec-23,28-Dec-23,CE,128,2.1,4.25,2.05,3.95,4,3.95,1212,8741.32,208.84,1617000,-973500,131
TATASTEEL,21-Dec-23,28-Dec-23,CE,129,1.7,3.3,1.6,3.1,3.2,3.1,1498,10840.47,212.16,896500,154000,131
TATASTEEL,21-Dec-23,28-Dec-23,CE,130,1.65,2.65,1.25,2.45,2.55,2.45,7357,53430.7,828.15,7628500,-1386000,131
TATASTEEL,21-Dec-23,28-Dec-23,CE,131,1.15,2.05,1,1.85,1.8,1.85,4632,33778.16,404.6,2211000,-231000,131
TATASTEEL,21-Dec-23,28-Dec-23,CE,132,0.9,1.55,0.75,1.35,1.45,1.35,4362,31969.06,300.94,14888500,1809500,131
TATASTEEL,21-Dec-23,28-Dec-23,CE,133,0.8,1.3,0.65,1.1,1.15,1.1,3576,26361.1,202.66,4812500,1171500,131
TATASTEEL,21-Dec-23,28-Dec-23,CE,134,0.8,1.05,0.55,0.9,0.95,0.9,2473,18343.06,117.05,3954500,27500,131
TATASTEEL,21-Dec-23,28-Dec-23,CE,135,0.75,0.95,0.55,0.75,0.8,0.75,10056,75085.79,419.99,21439000,-1617000,131
TATASTEEL,21-Dec-23,28-Dec-23,CE,136,0.7,0.8,0.4,0.65,0.6,0.65,1546,11619.17,55.09,6732000,-489500,131
TATASTEEL,21-Dec-23,28-Dec-23,CE,137,0.5,0.7,0.4,0.5,0.55,0.5,1554,11757.09,47.7,6429500,-66000,131
TATASTEEL,21-Dec-23,28-Dec-23,CE,138,0.6,0.65,0.4,0.45,0.4,0.45,958,7297.52,26.3,4455000,-269500,131
TATASTEEL,21-Dec-23,28-Dec-23,CE,139,0.4,0.55,0.3,0.4,0.35,0.4,511,3918.55,11.96,2007500,-462000,131
TATASTEEL,21-Dec-23,28-Dec-23,CE,140,0.4,0.5,0.25,0.3,0.3,0.3,11301,87243.84,226.14,26125000,-517000,131
TATASTEEL,21-Dec-23,28-Dec-23,CE,141,0.3,0.45,0.15,0.25,0.25,0.25,690,5362.13,11.18,2090000,-511500,131
TATASTEEL,21-Dec-23,28-Dec-23,CE,142,0.3,0.4,0.2,0.25,0.2,0.25,581,4546.02,8.41,2475000,-715000,131
TATASTEEL,21-Dec-23,28-Dec-23,CE,143,0.25,0.3,0.15,0.2,0.2,0.2,346,2725.86,4.57,1226500,-407000,131
TATASTEEL,21-Dec-23,28-Dec-23,CE,144,0.3,0.3,0.1,0.2,0.15,0.2,332,2633.41,3.97,1023000,-231000,131
TATASTEEL,21-Dec-23,28-Dec-23,CE,145,0.25,0.25,0.1,0.2,0.15,0.2,3562,28442.96,36.01,8981500,-2304500,131
TATASTEEL,21-Dec-23,28-Dec-23,CE,146,0.2,0.25,0.1,0.15,0.15,0.15,223,1792.85,2.16,1578500,137500,131
TATASTEEL,21-Dec-23,28-Dec-23,CE,147,0.2,0.2,0.1,0.15,0.15,0.15,109,882.29,1.03,1006500,-324500,131
TATASTEEL,21-Dec-23,28-Dec-23,CE,148,0.15,0.2,0.1,0.15,0.15,0.15,83,676.27,0.65,1391500,-93500,131
TATASTEEL,21-Dec-23,28-Dec-23,CE,149,0.15,0.15,0.05,0.1,0.05,0.1,146,1197.53,1.06,1716000,-154000,131
TATASTEEL,21-Dec-23,28-Dec-23,CE,150,0.15,0.2,0.1,0.1,0.1,0.1,1987,16407.34,14.59,10928500,203500,131
TATASTEEL,21-Dec-23,28-Dec-23,CE,151,0.15,0.15,0.1,0.1,0.1,0.1,186,1545.79,1.06,1446500,-214500,131
TATASTEEL,21-Dec-23,28-Dec-23,CE,152,0.1,0.15,0.05,0.1,0.1,0.1,145,1213.02,0.82,3228500,-324500,131
TATASTEEL,21-Dec-23,28-Dec-23,CE,153,0.15,0.15,0.1,0.1,0.1,0.05,11,92.63,0.07,258500,22000,131
TATASTEEL,21-Dec-23,28-Dec-23,CE,154,0.1,0.15,0.05,0.05,0.05,0.05,26,220.35,0.13,192500,27500,131
TATASTEEL,21-Dec-23,28-Dec-23,CE,155,0.1,0.1,0.05,0.05,0.05,0.05,63,537.41,0.33,918500,-126500,131
TATASTEEL,21-Dec-23,28-Dec-23,CE,156,0.1,0.1,0.05,0.05,0.05,0.05,18,154.52,0.08,687500,11000,131
TATASTEEL,21-Dec-23,28-Dec-23,CE,157,0.1,0.1,0.05,0.05,0.05,0.05,35,302.34,0.11,396000,110000,131
TATASTEEL,21-Dec-23,28-Dec-23,CE,97,-,-,-,32,-,34.15,-,-,-,-,-,131
TATASTEEL,21-Dec-23,28-Dec-23,CE,98,-,-,-,31.05,-,33.15,-,-,-,-,-,131
TATASTEEL,21-Dec-23,28-Dec-23,CE,99,-,-,-,30.15,-,32.15,-,-,-,-,-,131
TATASTEEL,22-Dec-23,28-Dec-23,CE,100,34.05,34.05,34.05,34.05,34.05,33.65,1,7.37,1.87,71500,-5500,133.55
TATASTEEL,22-Dec-23,28-Dec-23,CE,101,-,-,-,28.35,-,32.65,-,-,-,-,-,133.55
TATASTEEL,22-Dec-23,28-Dec-23,CE,102,-,-,-,27.5,-,31.65,-,-,-,-,-,133.55
TATASTEEL,22-Dec-23,28-Dec-23,CE,103,-,-,-,26.6,-,30.65,-,-,-,-,-,133.55
TATASTEEL,22-Dec-23,28-Dec-23,CE,104,-,-,-,25.75,-,29.65,-,-,-,-,-,133.55
TATASTEEL,22-Dec-23,28-Dec-23,CE,105,-,-,-,28.6,28.6,28.65,-,-,-,11000,-,133.55
TATASTEEL,22-Dec-23,28-Dec-23,CE,106,-,-,-,24.1,-,27.65,-,-,-,-,-,133.55
TATASTEEL,22-Dec-23,28-Dec-23,CE,107,-,-,-,23.25,-,26.65,-,-,-,-,-,133.55
TATASTEEL,22-Dec-23,28-Dec-23,CE,108,-,-,-,22.45,-,25.65,-,-,-,-,-,133.55
TATASTEEL,22-Dec-23,28-Dec-23,CE,109,-,-,-,21.65,-,24.65,-,-,-,-,-,133.55
TATASTEEL,22-Dec-23,28-Dec-23,CE,110,-,-,-,22.5,22.5,23.65,-,-,-,368500,-,133.55
TATASTEEL,22-Dec-23,28-Dec-23,CE,111,-,-,-,20.1,-,22.65,-,-,-,-,-,133.55
TATASTEEL,22-Dec-23,28-Dec-23,CE,112,-,-,-,17.75,17.75,21.65,-,-,-,5500,-,133.55
TATASTEEL,22-Dec-23,28-Dec-23,CE,113,-,-,-,18.6,-,20.7,-,-,-,-,-,133.55
TATASTEEL,22-Dec-23,28-Dec-23,CE,114,-,-,-,17.85,-,19.7,-,-,-,-,-,133.55
TATASTEEL,22-Dec-23,28-Dec-23,CE,115,19,19,19,19,19,18.7,1,7.37,1.04,495000,-5500,133.55
TATASTEEL,22-Dec-23,28-Dec-23,CE,116,-,-,-,11.75,11.75,17.7,-,-,-,49500,-,133.55
TATASTEEL,22-Dec-23,28-Dec-23,CE,117,-,-,-,12,12,16.7,-,-,-,11000,-,133.55
TATASTEEL,22-Dec-23,28-Dec-23,CE,118,-,-,-,12.2,12.2,15.7,-,-,-,33000,-,133.55
TATASTEEL,22-Dec-23,28-Dec-23,CE,119,-,-,-,12.05,12,14.7,-,-,-,11000,-,133.55
TATASTEEL,22-Dec-23,28-Dec-23,CE,120,12.5,14.8,12.5,13.8,13.65,13.8,38,279.87,29.07,555500,-126500,133.55
TATASTEEL,22-Dec-23,28-Dec-23,CE,121,-,-,-,15.7,15.7,12.7,-,-,-,33000,-,133.55
TATASTEEL,22-Dec-23,28-Dec-23,CE,122,-,-,-,7.8,7.8,11.7,-,-,-,143000,-,133.55
TATASTEEL,22-Dec-23,28-Dec-23,CE,123,-,-,-,7.8,7.8,10.7,-,-,-,148500,-,133.55
TATASTEEL,22-Dec-23,28-Dec-23,CE,124,-,-,-,7.6,7.6,9.7,-,-,-,198000,-,133.55
TATASTEEL,22-Dec-23,28-Dec-23,CE,125,7.65,9.9,7.65,9,8.8,9,127,935.69,62.57,1226500,-258500,133.55
TATASTEEL,22-Dec-23,28-Dec-23,CE,126,7.4,8,7,7.7,7.7,7.8,10,73.47,4.17,742500,-27500,133.55
TATASTEEL,22-Dec-23,28-Dec-23,CE,127,5.9,7.6,5.7,7,7,7,155,1140.76,58.09,1754500,-621500,133.55
TATASTEEL,22-Dec-23,28-Dec-23,CE,128,4.6,6.7,4.3,6,5.9,6,175,1287.46,55.46,1446500,-170500,133.55
TATASTEEL,22-Dec-23,28-Dec-23,CE,129,3.7,5.9,3.5,5.1,4.9,5.1,258,1897.91,67.4,632500,-264000,133.55
TATASTEEL,22-Dec-23,28-Dec-23,CE,130,2.8,5.1,2.5,4.1,3.85,4.1,2021,14879.82,429.67,6325000,-1303500,133.55
TATASTEEL,22-Dec-23,28-Dec-23,CE,131,1.85,4.2,1.85,3.25,3.25,3.25,894,6587.09,145.82,1210000,-1001000,133.55
TATASTEEL,22-Dec-23,28-Dec-23,CE,132,1.6,3.35,1.45,2.4,2.3,2.4,3312,24456.12,411,12771000,-2117500,133.55
TATASTEEL,22-Dec-23,28-Dec-23,CE,133,1.2,2.75,1.05,1.85,1.65,1.85,4484,33239.6,439.14,3344000,-1468500,133.55
TATASTEEL,22-Dec-23,28-Dec-23,CE,134,1,2.2,0.8,1.4,1.3,1.4,6003,44721.48,479.37,3982000,27500,133.55
TATASTEEL,22-Dec-23,28-Dec-23,CE,135,0.9,1.75,0.6,1.1,1.05,1.1,18545,138924.16,1227.53,22176000,737000,133.55
TATASTEEL,22-Dec-23,28-Dec-23,CE,136,0.75,1.4,0.45,0.8,0.7,0.8,4719,35536.58,238.46,6495500,-236500,133.55
TATASTEEL,22-Dec-23,28-Dec-23,CE,137,0.6,1.1,0.4,0.6,0.6,0.6,2799,21202.87,112.4,5747500,-682000,133.55
TATASTEEL,22-Dec-23,28-Dec-23,CE,138,0.55,0.85,0.3,0.5,0.4,0.5,1757,13390.96,55.33,3718000,-737000,133.55
TATASTEEL,22-Dec-23,28-Dec-23,CE,139,0.4,0.75,0.3,0.4,0.4,0.4,967,7417.39,24.68,2211000,203500,133.55
TATASTEEL,22-Dec-23,28-Dec-23,CE,140,0.35,0.6,0.2,0.35,0.3,0.35,13949,107721.89,314.59,24051500,-2073500,133.55
TATASTEEL,22-Dec-23,28-Dec-23,CE,141,0.25,0.45,0.15,0.25,0.25,0.25,996,7740.99,17.01,2106500,16500,133.55
TATASTEEL,22-Dec-23,28-Dec-23,CE,142,0.25,0.4,0.15,0.2,0.2,0.2,581,4546.09,8.48,2469500,-5500,133.55
TATASTEEL,22-Dec-23,28-Dec-23,CE,143,0.2,0.3,0.1,0.15,0.15,0.15,501,3945.51,5.14,1705000,478500,133.55
TATASTEEL,22-Dec-23,28-Dec-23,CE,144,0.15,0.25,0.1,0.15,0.15,0.15,504,3996.35,4.67,1292500,269500,133.55
TATASTEEL,22-Dec-23,28-Dec-23,CE,145,0.15,0.25,0.1,0.15,0.15,0.15,3504,27978.49,34.09,8393000,-588500,133.55
TATASTEEL,22-Dec-23,28-Dec-23,CE,146,0.1,0.2,0.1,0.1,0.1,0.1,645,5183.98,4.63,1358500,-220000,133.55
TATASTEEL,22-Dec-23,28-Dec-23,CE,147,0.1,0.15,0.05,0.05,0.05,0.05,269,2176.35,1.49,1320000,313500,133.55
TATASTEEL,22-Dec-23,28-Dec-23,CE,148,0.15,0.15,0.05,0.05,0.05,0.05,114,928.51,0.55,1303500,-88000,133.55
TATASTEEL,22-Dec-23,28-Dec-23,CE,149,0.1,0.15,0.05,0.05,0.05,0.05,54,442.86,0.33,1545500,-170500,133.55
TATASTEEL,22-Dec-23,28-Dec-23,CE,150,0.15,0.15,0.05,0.1,0.1,0.1,1106,9130.48,5.98,10422500,-506000,133.55
TATASTEEL,22-Dec-23,28-Dec-23,CE,151,0.1,0.1,0.05,0.1,0.1,0.1,58,481.98,0.29,1331000,-115500,133.55
TATASTEEL,22-Dec-23,28-Dec-23,CE,152,0.1,0.1,0.05,0.1,0.1,0.1,32,267.64,0.12,3162500,-66000,133.55
TATASTEEL,22-Dec-23,28-Dec-23,CE,153,0.1,0.1,0.05,0.05,0.05,0.05,16,134.7,0.06,247500,-11000,133.55
TATASTEEL,22-Dec-23,28-Dec-23,CE,154,0.05,0.05,0.05,0.05,0.05,0.05,2,16.95,0.01,192500,-,133.55
TATASTEEL,22-Dec-23,28-Dec-23,CE,155,0.05,0.1,0.05,0.05,0.05,0.05,78,665.21,0.26,924000,5500,133.55
TATASTEEL,22-Dec-23,28-Dec-23,CE,156,0.1,0.1,0.05,0.05,0.05,0.05,72,617.99,0.23,891000,203500,133.55
TATASTEEL,22-Dec-23,28-Dec-23,CE,157,0.05,0.1,0.05,0.05,0.05,0.05,107,924.26,0.32,786500,390500,133.55
TATASTEEL,22-Dec-23,28-Dec-23,CE,97,-,-,-,32,-,36.65,-,-,-,-,-,133.55
TATASTEEL,22-Dec-23,28-Dec-23,CE,98,-,-,-,31.05,-,35.65,-,-,-,-,-,133.55
TATASTEEL,22-Dec-23,28-Dec-23,CE,99,-,-,-,30.15,-,34.65,-,-,-,-,-,133.55
TATASTEEL,26-Dec-23,28-Dec-23,CE,100,35.15,35.6,35.15,35.15,35.15,35.15,3,22.32,5.82,71500,-,135.2
TATASTEEL,26-Dec-23,28-Dec-23,CE,101,-,-,-,28.35,-,34.25,-,-,-,-,-,135.2
TATASTEEL,26-Dec-23,28-Dec-23,CE,102,-,-,-,27.5,-,33.25,-,-,-,-,-,135.2
TATASTEEL,26-Dec-23,28-Dec-23,CE,103,-,-,-,26.6,-,32.25,-,-,-,-,-,135.2
TATASTEEL,26-Dec-23,28-Dec-23,CE,104,-,-,-,25.75,-,31.25,-,-,-,-,-,135.2
TATASTEEL,26-Dec-23,28-Dec-23,CE,105,30.9,30.9,30.9,30.9,30.9,30.25,1,7.47,1.7,11000,-,135.2
TATASTEEL,26-Dec-23,28-Dec-23,CE,106,-,-,-,24.1,-,29.25,-,-,-,-,-,135.2
TATASTEEL,26-Dec-23,28-Dec-23,CE,107,-,-,-,23.25,-,28.25,-,-,-,-,-,135.2
TATASTEEL,26-Dec-23,28-Dec-23,CE,108,-,-,-,22.45,-,27.25,-,-,-,-,-,135.2
TATASTEEL,26-Dec-23,28-Dec-23,CE,109,-,-,-,21.65,-,26.25,-,-,-,-,-,135.2
TATASTEEL,26-Dec-23,28-Dec-23,CE,110,26,26,25.4,25.4,25.4,25.25,12,89.51,16.91,324500,-44000,135.2
TATASTEEL,26-Dec-23,28-Dec-23,CE,111,-,-,-,20.1,-,24.25,-,-,-,-,-,135.2
TATASTEEL,26-Dec-23,28-Dec-23,CE,112,-,-,-,17.75,17.75,23.25,-,-,-,5500,-,135.2
TATASTEEL,26-Dec-23,28-Dec-23,CE,113,-,-,-,18.6,-,22.25,-,-,-,-,-,135.2
TATASTEEL,26-Dec-23,28-Dec-23,CE,114,-,-,-,17.85,-,21.25,-,-,-,-,-,135.2
TATASTEEL,26-Dec-23,28-Dec-23,CE,115,20.4,20.5,19.95,20.45,20.45,20.25,7,52.09,7.81,462000,-33000,135.2
TATASTEEL,26-Dec-23,28-Dec-23,CE,116,-,-,-,11.75,11.75,19.25,-,-,-,49500,-,135.2
TATASTEEL,26-Dec-23,28-Dec-23,CE,117,-,-,-,12,12,18.25,-,-,-,11000,-,135.2
TATASTEEL,26-Dec-23,28-Dec-23,CE,118,-,-,-,12.2,12.2,17.25,-,-,-,33000,-,135.2
TATASTEEL,26-Dec-23,28-Dec-23,CE,119,-,-,-,12.05,12,16.25,-,-,-,11000,-,135.2
TATASTEEL,26-Dec-23,28-Dec-23,CE,120,15.5,15.85,15.05,15.3,15.3,15.3,36,268.16,30.56,390500,-165000,135.2
TATASTEEL,26-Dec-23,28-Dec-23,CE,121,-,-,-,15.7,15.7,14.25,-,-,-,33000,-,135.2
TATASTEEL,26-Dec-23,28-Dec-23,CE,122,13.35,13.5,13.25,13.25,13.25,13.25,9,67.04,6.65,104500,-38500,135.2
TATASTEEL,26-Dec-23,28-Dec-23,CE,123,12.5,12.5,12.3,12.3,12.3,12.3,6,44.67,4.08,148500,-,135.2
TATASTEEL,26-Dec-23,28-Dec-23,CE,124,12,12,12,12,12,11.25,1,7.48,0.66,198000,-,135.2
TATASTEEL,26-Dec-23,28-Dec-23,CE,125,10.5,11,10.05,10.25,10.4,10.25,45,335.52,26.14,1105500,-121000,135.2
TATASTEEL,26-Dec-23,28-Dec-23,CE,126,9.4,10.1,9.3,9.85,10.1,9.85,9,67.11,4.74,748000,5500,135.2
TATASTEEL,26-Dec-23,28-Dec-23,CE,127,8.1,8.6,8.1,8.25,8.25,8.25,102,759.8,47.33,1226500,-528000,135.2
TATASTEEL,26-Dec-23,28-Dec-23,CE,128,6.95,7.7,6.95,7.45,7.45,7.25,41,305.65,17.01,1281500,-165000,135.2
TATASTEEL,26-Dec-23,28-Dec-23,CE,129,6.3,7,6.05,6.15,6.25,6.15,16,119.14,5.62,621500,-11000,135.2
TATASTEEL,26-Dec-23,28-Dec-23,CE,130,4.85,6.15,4.85,5.2,5.3,5.2,621,4627.81,187.66,5522000,-803000,135.2
TATASTEEL,26-Dec-23,28-Dec-23,CE,131,3.95,5.15,3.9,4.35,4.25,4.35,191,1423.48,47.33,858000,-352000,135.2
TATASTEEL,26-Dec-23,28-Dec-23,CE,132,2.4,4.15,2.4,3.35,3.4,3.35,786,5861.63,155.27,10708500,-2062500,135.2
TATASTEEL,26-Dec-23,28-Dec-23,CE,133,1.8,3.35,1.8,2.5,2.55,2.5,711,5309.97,109,2205500,-1138500,135.2
TATASTEEL,26-Dec-23,28-Dec-23,CE,134,1.5,2.6,1.5,1.8,1.75,1.8,1073,8032.67,124.66,2662000,-1320000,135.2
TATASTEEL,26-Dec-23,28-Dec-23,CE,135,1.15,1.9,1.05,1.2,1.2,1.2,6236,46820.13,517.83,14767500,-7408500,135.2
TATASTEEL,26-Dec-23,28-Dec-23,CE,136,1,1.5,0.8,0.9,0.9,0.9,6451,48652.56,399.08,8206000,1710500,135.2
TATASTEEL,26-Dec-23,28-Dec-23,CE,137,0.8,1.1,0.55,0.65,0.65,0.65,3250,24633.06,144.31,6198500,451000,135.2
TATASTEEL,26-Dec-23,28-Dec-23,CE,138,0.45,0.95,0.45,0.5,0.5,0.5,2172,16558.37,72.89,4290000,572000,135.2
TATASTEEL,26-Dec-23,28-Dec-23,CE,139,0.5,0.75,0.4,0.4,0.4,0.4,1019,7817.74,27.48,2486000,275000,135.2
TATASTEEL,26-Dec-23,28-Dec-23,CE,140,0.35,0.65,0.3,0.35,0.35,0.35,8209,63404.34,195.04,22517000,-1534500,135.2
TATASTEEL,26-Dec-23,28-Dec-23,CE,141,0.3,0.5,0.2,0.25,0.2,0.25,666,5176.65,11.82,1892000,-214500,135.2
TATASTEEL,26-Dec-23,28-Dec-23,CE,142,0.2,0.35,0.15,0.2,0.15,0.2,502,3927.18,6.56,2486000,16500,135.2
TATASTEEL,26-Dec-23,28-Dec-23,CE,143,0.15,0.25,0.1,0.15,0.15,0.15,412,3244.46,4.08,1908500,203500,135.2
TATASTEEL,26-Dec-23,28-Dec-23,CE,144,0.15,0.2,0.1,0.1,0.1,0.1,184,1458.65,1.38,1298000,5500,135.2
TATASTEEL,26-Dec-23,28-Dec-23,CE,145,0.15,0.15,0.05,0.1,0.1,0.1,1327,10590.71,7.88,6869500,-1523500,135.2
TATASTEEL,26-Dec-23,28-Dec-23,CE,146,0.1,0.15,0.05,0.05,0.05,0.05,185,1486.56,1.01,1446500,88000,135.2
TATASTEEL,26-Dec-23,28-Dec-23,CE,147,0.1,0.1,0.05,0.1,0.1,0.05,167,1351.04,0.85,1210000,-110000,135.2
TATASTEEL,26-Dec-23,28-Dec-23,CE,148,0.1,0.1,0.05,0.1,0.1,0.1,151,1229.92,0.78,1111000,-192500,135.2
TATASTEEL,26-Dec-23,28-Dec-23,CE,149,0.1,0.1,0.05,0.1,0.05,0.1,39,319.78,0.17,1628000,82500,135.2
TATASTEEL,26-Dec-23,28-Dec-23,CE,150,0.05,0.1,0.05,0.05,0.05,0.05,1516,12511.58,4.58,11313500,891000,135.2
TATASTEEL,26-Dec-23,28-Dec-23,CE,151,0.05,0.1,0.05,0.05,0.05,0.05,115,955.42,0.34,1116500,-214500,135.2
TATASTEEL,26-Dec-23,28-Dec-23,CE,152,0.05,0.05,0.05,0.05,0.05,0.05,65,543.58,0.18,2904000,-258500,135.2
TATASTEEL,26-Dec-23,28-Dec-23,CE,153,0.05,0.1,0.05,0.05,0.05,0.05,11,92.6,0.03,242000,-5500,135.2
TATASTEEL,26-Dec-23,28-Dec-23,CE,154,0.05,0.05,0.05,0.05,0.05,0.05,1,8.47,-,198000,5500,135.2
TATASTEEL,26-Dec-23,28-Dec-23,CE,155,0.05,0.05,0.05,0.05,0.05,0.05,61,520.19,0.17,808500,-115500,135.2
TATASTEEL,26-Dec-23,28-Dec-23,CE,156,0.05,0.05,0.05,0.05,0.05,0.05,1,8.58,-,885500,-5500,135.2
TATASTEEL,26-Dec-23,28-Dec-23,CE,157,0.05,0.05,0.05,0.05,0.05,0.05,27,233.22,0.07,935000,148500,135.2
TATASTEEL,26-Dec-23,28-Dec-23,CE,97,-,-,-,32,-,38.25,-,-,-,-,-,135.2
TATASTEEL,26-Dec-23,28-Dec-23,CE,98,-,-,-,31.05,-,37.25,-,-,-,-,-,135.2
TATASTEEL,26-Dec-23,28-Dec-23,CE,99,-,-,-,30.15,-,36.25,-,-,-,-,-,135.2
TATASTEEL,27-Dec-23,28-Dec-23,CE,100,37.5,38.45,36.7,36.7,36.7,37.2,11,83.29,22.79,77000,5500,137.2
TATASTEEL,27-Dec-23,28-Dec-23,CE,101,-,-,-,28.35,-,36.2,-,-,-,-,-,137.2
TATASTEEL,27-Dec-23,28-Dec-23,CE,102,-,-,-,27.5,-,35.2,-,-,-,-,-,137.2
TATASTEEL,27-Dec-23,28-Dec-23,CE,103,-,-,-,26.6,-,34.2,-,-,-,-,-,137.2
TATASTEEL,27-Dec-23,28-Dec-23,CE,104,-,-,-,25.75,-,33.2,-,-,-,-,-,137.2
TATASTEEL,27-Dec-23,28-Dec-23,CE,105,30.9,30.9,30.9,30.9,30.9,32.2,1,7.47,1.7,11000,-,137.2
TATASTEEL,27-Dec-23,28-Dec-23,CE,106,-,-,-,24.1,-,31.2,-,-,-,-,-,137.2
TATASTEEL,27-Dec-23,28-Dec-23,CE,107,-,-,-,23.25,-,30.2,-,-,-,-,-,137.2
TATASTEEL,27-Dec-23,28-Dec-23,CE,108,-,-,-,22.45,-,29.2,-,-,-,-,-,137.2
TATASTEEL,27-Dec-23,28-Dec-23,CE,109,-,-,-,21.65,-,28.2,-,-,-,-,-,137.2
TATASTEEL,27-Dec-23,28-Dec-23,CE,110,28,28.3,26.9,27,27,27,41,310.8,62.75,231000,-93500,137.2
TATASTEEL,27-Dec-23,28-Dec-23,CE,111,-,-,-,20.1,-,26.2,-,-,-,-,-,137.2
TATASTEEL,27-Dec-23,28-Dec-23,CE,112,-,-,-,17.75,17.75,25.2,-,-,-,5500,-,137.2
TATASTEEL,27-Dec-23,28-Dec-23,CE,113,-,-,-,18.6,-,24.2,-,-,-,-,-,137.2
TATASTEEL,27-Dec-23,28-Dec-23,CE,114,-,-,-,17.85,-,23.2,-,-,-,-,-,137.2
TATASTEEL,27-Dec-23,28-Dec-23,CE,115,21.25,23.25,21.25,22.25,22.25,22.2,46,347.71,56.76,313500,-148500,137.2
TATASTEEL,27-Dec-23,28-Dec-23,CE,116,23,23,20.65,20.65,20.65,21.2,11,83.68,13.5,33000,-16500,137.2
TATASTEEL,27-Dec-23,28-Dec-23,CE,117,20.35,20.35,20.35,20.35,20.35,20.2,1,7.55,1.12,5500,-5500,137.2
TATASTEEL,27-Dec-23,28-Dec-23,CE,118,19.35,19.35,19.35,19.35,19.35,19.2,1,7.55,1.06,27500,-5500,137.2
TATASTEEL,27-Dec-23,28-Dec-23,CE,119,17.8,18.1,17.8,18.1,18.1,18.2,2,15.06,1.97,5500,-5500,137.2
TATASTEEL,27-Dec-23,28-Dec-23,CE,120,16.1,18.45,16.1,17.2,17.6,17.2,45,339.53,42.53,253000,-137500,137.2
TATASTEEL,27-Dec-23,28-Dec-23,CE,121,-,-,-,15.7,15.7,16.2,-,-,-,33000,-,137.2
TATASTEEL,27-Dec-23,28-Dec-23,CE,122,15.15,15.15,15.15,15.15,15.15,15.15,1,7.54,0.83,99000,-5500,137.2
TATASTEEL,27-Dec-23,28-Dec-23,CE,123,13,13,13,13,13,14.2,1,7.48,0.71,148500,-,137.2
TATASTEEL,27-Dec-23,28-Dec-23,CE,124,-,-,-,12,12,13.2,-,-,-,198000,-,137.2
TATASTEEL,27-Dec-23,28-Dec-23,CE,125,10.8,13.1,10.7,12.3,12.3,12.3,71,534.24,46.11,940500,-165000,137.2
TATASTEEL,27-Dec-23,28-Dec-23,CE,126,12,12,11,11.1,11.1,11.2,5,37.85,3.2,737000,-11000,137.2
TATASTEEL,27-Dec-23,28-Dec-23,CE,127,8.8,10.95,8.65,9.75,9.75,10.2,27,203.04,14.44,1182500,-44000,137.2
TATASTEEL,27-Dec-23,28-Dec-23,CE,128,8.15,10,8.15,9.5,9.5,9.5,14,105.53,6.97,1259500,-22000,137.2
TATASTEEL,27-Dec-23,28-Dec-23,CE,129,6.95,9.05,6.95,7.9,7.9,8.2,47,355.52,22.06,649000,27500,137.2
TATASTEEL,27-Dec-23,28-Dec-23,CE,130,5.9,8.45,5.7,7.15,7.05,7.15,449,3388.93,178.58,4576000,-946000,137.2
TATASTEEL,27-Dec-23,28-Dec-23,CE,131,5.1,7.1,4.8,6.15,6.1,6.15,146,1101.83,49.9,764500,-93500,137.2
TATASTEEL,27-Dec-23,28-Dec-23,CE,132,3.45,6.35,3.45,5.1,5,5.1,453,3409.97,121.19,9839500,-869000,137.2
TATASTEEL,27-Dec-23,28-Dec-23,CE,133,3.05,5.4,2.95,4.15,4.1,4.15,352,2653.34,78.46,1974500,-231000,137.2
TATASTEEL,27-Dec-23,28-Dec-23,CE,134,2.2,4.5,1.95,3.3,3.2,3.3,377,2841.15,62.66,2090000,-572000,137.2
TATASTEEL,27-Dec-23,28-Dec-23,CE,135,1.4,3.5,1.25,2.2,2.1,2.2,3468,26160.65,410.75,11082500,-3685000,137.2
TATASTEEL,27-Dec-23,28-Dec-23,CE,136,1.1,2.6,0.8,1.5,1.35,1.5,3043,23002.3,240.66,3921500,-4284500,137.2
TATASTEEL,27-Dec-23,28-Dec-23,CE,137,0.65,1.85,0.55,0.9,0.8,0.9,4909,37253.67,264.35,3245000,-2953500,137.2
TATASTEEL,27-Dec-23,28-Dec-23,CE,138,0.55,1.35,0.4,0.75,0.65,0.75,4746,36239.15,217.01,3481500,-808500,137.2
TATASTEEL,27-Dec-23,28-Dec-23,CE,139,0.45,1,0.3,0.5,0.5,0.5,3655,28064.5,122.03,1881000,-605000,137.2
TATASTEEL,27-Dec-23,28-Dec-23,CE,140,0.35,0.8,0.25,0.35,0.25,0.35,17051,131732.85,440.15,15482500,-7034500,137.2
TATASTEEL,27-Dec-23,28-Dec-23,CE,141,0.2,0.55,0.15,0.2,0.15,0.2,1426,11082.22,23.59,1683000,-209000,137.2
TATASTEEL,27-Dec-23,28-Dec-23,CE,142,0.2,0.35,0.1,0.1,0.1,0.1,1208,9448.87,14.39,2084500,-401500,137.2
TATASTEEL,27-Dec-23,28-Dec-23,CE,143,0.1,0.25,0.05,0.1,0.1,0.1,996,7841.18,7.64,1683000,-225500,137.2
TATASTEEL,27-Dec-23,28-Dec-23,CE,144,0.1,0.2,0.05,0.1,0.05,0.1,768,6087.33,4.77,924000,-374000,137.2
TATASTEEL,27-Dec-23,28-Dec-23,CE,145,0.1,0.15,0.05,0.1,0.1,0.1,2617,20884.56,13.99,5714500,-1155000,137.2
TATASTEEL,27-Dec-23,28-Dec-23,CE,146,0.05,0.1,0.05,0.1,0.05,0.1,401,3221.88,1.85,935000,-511500,137.2
TATASTEEL,27-Dec-23,28-Dec-23,CE,147,0.05,0.1,0.05,0.05,0.05,0.05,153,1237.53,0.52,1193500,-16500,137.2
TATASTEEL,27-Dec-23,28-Dec-23,CE,148,0.05,0.1,0.05,0.05,0.05,0.05,210,1710.05,0.65,1232000,121000,137.2
TATASTEEL,27-Dec-23,28-Dec-23,CE,149,0.1,0.1,0.05,0.05,0.05,0.05,133,1090.38,0.45,1468500,-159500,137.2
TATASTEEL,27-Dec-23,28-Dec-23,CE,150,0.05,0.1,0.05,0.05,0.05,0.05,372,3070.08,1.08,10307000,-1006500,137.2
TATASTEEL,27-Dec-23,28-Dec-23,CE,151,0.05,0.05,0.05,0.05,0.05,0.05,40,332.31,0.11,1122000,5500,137.2
TATASTEEL,27-Dec-23,28-Dec-23,CE,152,0.05,0.05,0.05,0.05,0.05,0.05,18,150.53,0.05,2827000,-77000,137.2
TATASTEEL,27-Dec-23,28-Dec-23,CE,153,0.05,0.05,0.05,0.05,0.05,0.05,11,92.6,0.03,225500,-16500,137.2
TATASTEEL,27-Dec-23,28-Dec-23,CE,154,0.05,0.05,0.05,0.05,0.05,0.05,3,25.42,0.01,181500,-16500,137.2
TATASTEEL,27-Dec-23,28-Dec-23,CE,155,0.05,0.05,0.05,0.05,0.05,0.05,5,42.64,0.01,819500,11000,137.2
TATASTEEL,27-Dec-23,28-Dec-23,CE,156,-,-,-,0.05,0.05,0.05,-,-,-,885500,-,137.2
TATASTEEL,27-Dec-23,28-Dec-23,CE,157,0.05,0.05,0.05,0.05,0.05,0.05,12,103.65,0.03,979000,44000,137.2
TATASTEEL,27-Dec-23,28-Dec-23,CE,97,-,-,-,32,-,40.2,-,-,-,-,-,137.2
TATASTEEL,27-Dec-23,28-Dec-23,CE,98,-,-,-,31.05,-,39.2,-,-,-,-,-,137.2
TATASTEEL,27-Dec-23,28-Dec-23,CE,99,-,-,-,30.15,-,38.2,-,-,-,-,-,137.2
